# Y2kCat
ALTER TABLE db_version_ytdb CHANGE COLUMN 617_FIX_11928 618_FIX_11930 bit;
REPLACE INTO `db_version_ytdb` (`version`) VALUES ('618_FIX_11930');

# NeatElves
DELETE FROM `gossip_menu_option` WHERE `menu_id` = 50199;
DELETE FROM `locales_gossip_menu_option` WHERE `menu_id` = 50199;
UPDATE `creature_ai_texts` SET `content_loc1`=NULL WHERE `content_loc1`=0;
UPDATE `creature_ai_texts` SET `content_loc2`=NULL WHERE `content_loc2`=0;
UPDATE `creature_ai_texts` SET `content_loc3`=NULL WHERE `content_loc3`=0;
UPDATE `creature_ai_texts` SET `content_loc4`=NULL WHERE `content_loc4`=0;
UPDATE `creature_ai_texts` SET `content_loc5`=NULL WHERE `content_loc5`=0;
UPDATE `creature_ai_texts` SET `content_loc6`=NULL WHERE `content_loc6`=0;
UPDATE `creature_ai_texts` SET `content_loc7`=NULL WHERE `content_loc7`=0;
UPDATE `creature_ai_texts` SET `content_loc8`=NULL WHERE `content_loc8`='';
DELETE FROM `locales_gossip_menu_option` WHERE `menu_id` = 6492;
DELETE FROM `locales_gossip_menu_option` WHERE `menu_id` = 8458;
DELETE FROM `locales_gossip_menu_option` WHERE `menu_id` = 7497;
DELETE FROM `locales_gossip_menu_option` WHERE `menu_id` = 50281;
DELETE FROM `locales_gossip_menu_option` WHERE `menu_id` = 50205;
DELETE FROM `gossip_menu_option` WHERE `menu_id` = 50199;
DELETE FROM `locales_gossip_menu_option` WHERE `menu_id` = 50199;
REPLACE INTO gossip_menu_option (menu_id,id,option_icon,option_text,option_id,npc_option_npcflag,action_menu_id,action_poi_id,action_script_id,box_coded,box_money,box_text,cond_1,cond_1_val_1,cond_1_val_2,cond_2,cond_2_val_1,cond_2_val_2,cond_3,cond_3_val_1,cond_3_val_2) VALUES
(9510,1,0,'Where is Senior Scrivener Barriga being held?',1,1,9521,0,0,0,0,'',9,12245,0,0,0,0,0,0,0),
(9510,2,0,'Did you see where they took Sanitation Engineer Burke?',1,1,9525,0,0,0,0,'',9,12245,0,0,0,0,0,0,0),
(9510,3,0,'Any idea where they\'re keeping Deathguard Schneider?',1,1,9526,0,0,0,0,'',9,12245,0,0,0,0,0,0,0),
(9508,1,0,'Can you tell me where they have Chancellor Amai caged?',1,1,9527,0,0,0,0,'',9,12245,0,0,0,0,0,0,0),
(9508,2,0,'Did you see where they took Sanitation Engineer Burke?',1,1,9525,0,0,0,0,'',9,12245,0,0,0,0,0,0,0),
(9508,3,0,'Any idea where they\'re keeping Deathguard Schneider?',1,1,9526,0,0,0,0,'',9,12245,0,0,0,0,0,0,0),
(9507,1,0,'Can you tell me where they have Chancellor Amai caged?',1,1,9527,0,0,0,0,'',9,12245,0,0,0,0,0,0,0),
(9507,2,0,'Where is Senior Scrivener Barriga being held?',1,1,9521,0,0,0,0,'',9,12245,0,0,0,0,0,0,0),
(9507,3,0,'Did you see where they took Sanitation Engineer Burke?',1,1,9525,0,0,0,0,'',9,12245,0,0,0,0,0,0,0),
('9586', '1', '0', 'Yes, please!', '1', '1', '-1', '0', '0', '0', '0', NULL, '0', '0', '0', '0', '0', '0', '0', '0', '0'),
('9680', '0', '0', 'We do only what is best for Lordaeron, Your Highness.', '1', '1', '-1', '0', '0', '0', '0', NULL, '0', '0', '0', '0', '0', '0', '0', '0', '0'),
('9681', '0', '0', 'Lead us, Prince Arthas.', '1', '1', '-1', '0', '0', '0', '0', NULL, '0', '0', '0', '0', '0', '0', '0', '0', '0'),
('11874', '0', '0', 'Follow me, Your Highness.', '1', '1', '-1', '0', '0', '0', '0', NULL, '0', '0', '0', '0', '0', '0', '0', '0', '0'),
('8769', '0', '0', 'Cronk, tell me of a charged Crystal midst.', '1', '1', '-1', '0', '0', '0', '0', NULL, '0', '0', '0', '0', '0', '0', '0', '0', '0');
DELETE FROM `creature` WHERE `id` = 10375;
REPLACE INTO `gameobject_template` (`entry`, `type`, `displayId`, `name`, `IconName`, `castBarCaption`, `unk1`, `faction`, `flags`, `size`, `questItem1`, `questItem2`, `questItem3`, `questItem4`, `questItem5`, `questItem6`, `data0`, `data1`, `data2`, `data3`, `data4`, `data5`, `data6`, `data7`, `data8`, `data9`, `data10`, `data11`, `data12`, `data13`, `data14`, `data15`, `data16`, `data17`, `data18`, `data19`, `data20`, `data21`, `data22`, `data23`, `mingold`, `maxgold`, `ScriptName`) VALUES
(175590, 6, 1287, 'TEMP Spire Spider Egg Trap', '', '', '', 0, 0, 1, 0, 0, 0, 0, 0, 0, 0, 0, 0, 16453, 1, 0, 0, 0, 0, 0, 0, 0, 0, 0, 0, 0, 0, 0, 0, 0, 0, 0, 0, 0, 0, 0, '');
UPDATE `gameobject_template` SET `data1`='175606' WHERE `entry`=175588;
DELETE FROM `gameobject_loot_template` WHERE `entry` = 175588;
REPLACE INTO `gameobject` (`guid`, `id`, `map`, `spawnMask`, `phaseMask`, `position_x`, `position_y`, `position_z`, `orientation`, `rotation0`, `rotation1`, `rotation2`, `rotation3`, `spawntimesecs`, `animprogress`, `state`) VALUES
(7624, 175606, 229, 1, 1, -149.988, -479.758, 11.4346, 5.75152, 0, 0, 0.262713, -0.964874, 180, 100, 1),
(7626, 175606, 229, 1, 1, -147.127, -573.279, 9.68858, 1.09883, 0, 0, 0.522188, 0.85283, 180, 100, 1),
(7628, 175606, 229, 1, 1, -133.857, -528.361, 6.52964, 3.80609, 0, 0, 0.945311, -0.32617, 180, 100, 1),
(7631, 175606, 229, 1, 1, -100.743, -511.431, -14.6166, 2.41437, 0, 0, 0.934619, 0.355652, 180, 100, 1),
(7634, 175606, 229, 1, 1, -100.845, -520.899, 10.7155, 3.18327, 0, 0, 0.999783, -0.0208372, 180, 100, 1),
(7637, 175606, 229, 1, 1, -135.376, -448.095, 20.01, 4.51609, 0, 0, 0.772994, -0.634413, 180, 100, 1),
(7639, 175606, 229, 1, 1, -96.4562, -397.447, 36.7437, 4.22549, 0, 0, 0.856705, -0.515806, 180, 100, 1),
(7642, 175588, 229, 1, 1, -135.543, -528.703, 6.53392, 0.660128, 0, 0, 0.324104, 0.946022, 180, 100, 1),
(7644, 175588, 229, 1, 1, -139.313, -527.232, 6.43271, 0.798332, 0, 0, 0.38865, 0.921385, 180, 100, 1),
(7645, 175588, 229, 1, 1, -152.326, -547.679, 8.4167, 4.22659, 0, 0, 0.856421, -0.516278, 180, 100, 1),
(7648, 175588, 229, 1, 1, -103.921, -572.89, 9.6253, 1.67797, 0, 0, 0.743965, 0.668218, 180, 100, 1),
(7651, 175590, 229, 1, 1, -149.988, -479.758, 11.4346, 5.75152, 0, 0, 0.262713, -0.964874, 180, 100, 1),
(7660, 175590, 229, 1, 1, -147.127, -573.279, 9.68858, 1.09883, 0, 0, 0.522188, 0.85283, 180, 100, 1),
(7662, 175590, 229, 1, 1, -133.857, -528.361, 6.52964, 3.80609, 0, 0, 0.945311, -0.32617, 180, 100, 1),
(7666, 175590, 229, 1, 1, -100.743, -511.431, -14.6166, 2.41437, 0, 0, 0.934619, 0.355652, 180, 100, 1),
(7667, 175590, 229, 1, 1, -100.845, -520.899, 10.7155, 3.18327, 0, 0, 0.999783, -0.0208372, 180, 100, 1),
(7669, 175590, 229, 1, 1, -135.376, -448.095, 20.01, 4.51609, 0, 0, 0.772994, -0.634413, 180, 100, 1),
(7673, 175590, 229, 1, 1, -96.4562, -397.447, 36.7437, 4.22549, 0, 0, 0.856705, -0.515806, 180, 100, 1),
(7677, 175590, 229, 1, 1, -135.543, -528.703, 6.53392, 0.660128, 0, 0, 0.324104, 0.946022, 180, 100, 1),
(7679, 175590, 229, 1, 1, -139.313, -527.232, 6.43271, 0.798332, 0, 0, 0.38865, 0.921385, 180, 100, 1),
(7685, 175590, 229, 1, 1, -152.326, -547.679, 8.4167, 4.22659, 0, 0, 0.856421, -0.516278, 180, 100, 1),
(7686, 175590, 229, 1, 1, -103.921, -572.89, 9.6253, 1.67797, 0, 0, 0.743965, 0.668218, 180, 100, 1);
UPDATE `gameobject` SET `spawntimesecs`='180' WHERE `id` in (175606,175588);
REPLACE INTO `pool_template` (`entry`, `max_limit`, `description`) VALUES
('14196', '1', 'Spire Spider Egg 1+2'),
('14197', '1', 'Spire Spider Egg 1+2'),
('14198', '1', 'Spire Spider Egg 1+2'),
('14199', '1', 'Spire Spider Egg 1+2'),
('14200', '1', 'Spire Spider Egg 1+2'),
('14201', '1', 'Spire Spider Egg 1+2'),
('14202', '1', 'Spire Spider Egg 1+2'),
('14203', '1', 'Spire Spider Egg 1+2'),
('14204', '1', 'Spire Spider Egg 1+2'),
('14205', '1', 'Spire Spider Egg 1+2'),
('14206', '1', 'Spire Spider Egg 1+2');
REPLACE INTO `pool_gameobject` (`guid`, `pool_entry`, `chance`, `description`) VALUES
('7624', '14196', '0', 'Spire Spider Egg 1'), ('22521', '14196', '0', 'Spire Spider Egg 2'),
('7626', '14197', '0', 'Spire Spider Egg 1'), ('22520', '14197', '0', 'Spire Spider Egg 2'),
('7628', '14198', '0', 'Spire Spider Egg 1'), ('22519', '14198', '0', 'Spire Spider Egg 2'),
('7631', '14199', '0', 'Spire Spider Egg 1'), ('22518', '14199', '0', 'Spire Spider Egg 2'),
('7634', '14200', '0', 'Spire Spider Egg 1'), ('22517', '14200', '0', 'Spire Spider Egg 2'),
('7637', '14201', '0', 'Spire Spider Egg 1'), ('22516', '14201', '0', 'Spire Spider Egg 2'),
('7639', '14202', '0', 'Spire Spider Egg 1'), ('22515', '14202', '0', 'Spire Spider Egg 2'),
('71556', '14203', '0', 'Spire Spider Egg 1'), ('7642', '14204', '0', 'Spire Spider Egg 2'),
('71557', '14204', '0', 'Spire Spider Egg 1'), ('7644', '14204', '0', 'Spire Spider Egg 2'),
('71558', '14205', '0', 'Spire Spider Egg 1'), ('7645', '14205', '0', 'Spire Spider Egg 2'),
('71559', '14206', '0', 'Spire Spider Egg 1'), ('7648', '14206', '0', 'Spire Spider Egg 2');
UPDATE `quest_template` SET `ReqSpellCast1`='0', `ReqSpellCast2`='0', `ReqSpellCast3`='0' WHERE `entry` in (12213,12220);
UPDATE `creature_template` SET `AIName`='' WHERE `entry`=10556;
DELETE FROM `creature_ai_scripts` WHERE `id` = 1055601;
DELETE FROM `creature_ai_scripts` WHERE `id` = 1055602;
DELETE FROM `creature_ai_scripts` WHERE `id` = 1055651;
UPDATE `gameobject_template` SET `data0`=43 WHERE `entry`=179533;
UPDATE `gameobject_template` SET `data0`=43 WHERE `entry`=179526;
UPDATE `gameobject_template` SET `data0`=43 WHERE `entry`=179532;
UPDATE `gameobject_template` SET `data1`=0 WHERE `entry`=179533;
DELETE FROM `gameobject_loot_template` WHERE `entry` = 179533;
UPDATE `gameobject_template` SET `data1`=0 WHERE `entry`=179526;
DELETE FROM `gameobject_loot_template` WHERE `entry` = 179526;
UPDATE `gameobject_template` SET `data1`=0 WHERE `entry`=179532;
DELETE FROM `gameobject_loot_template` WHERE `entry` = 179532;
#
REPLACE INTO `gameobject_template` (`entry`, `type`, `displayId`, `name`, `IconName`, `castBarCaption`, `unk1`, `faction`, `flags`, `size`, `questItem1`, `questItem2`, `questItem3`, `questItem4`, `questItem5`, `questItem6`, `data0`, `data1`, `data2`, `data3`, `data4`, `data5`, `data6`, `data7`, `data8`, `data9`, `data10`, `data11`, `data12`, `data13`, `data14`, `data15`, `data16`, `data17`, `data18`, `data19`, `data20`, `data21`, `data22`, `data23`, `mingold`, `maxgold`, `ScriptName`) VALUES
(179527, 6, 1287, 'TEMP Warpwood Pod Trap', '', '', '', 0, 0, 1, 0, 0, 0, 0, 0, 0, 0, 0, 0, 22800, 1, 0, 0, 0, 0, 0, 0, 0, 0, 0, 0, 0, 0, 0, 0, 0, 0, 0, 0, 0, 0, 0, ''),
(179530, 6, 1287, 'TEMP Warpwood Pod Trap', '', '', '', 0, 0, 1, 0, 0, 0, 0, 0, 0, 0, 0, 0, 22800, 1, 0, 0, 0, 0, 0, 0, 0, 0, 0, 0, 0, 0, 0, 0, 0, 0, 0, 0, 0, 0, 0, ''),
(179531, 6, 1287, 'TEMP Warpwood Pod Trap', '', '', '', 0, 0, 1, 0, 0, 0, 0, 0, 0, 0, 0, 0, 22800, 1, 0, 0, 0, 0, 0, 0, 0, 0, 0, 0, 0, 0, 0, 0, 0, 0, 0, 0, 0, 0, 0, '');
#
REPLACE INTO `gameobject` (`guid`, `id`, `map`, `spawnMask`, `phaseMask`, `position_x`, `position_y`, `position_z`, `orientation`, `rotation0`, `rotation1`, `rotation2`, `rotation3`, `spawntimesecs`, `animprogress`, `state`) VALUES
(104631, 179530, 429, 1, 1, -27.0036, -404.283, -58.614, 0.226892, 0, 0, 0.113203, 0.993572, 600, 255, 1),
(104632, 179530, 429, 1, 1, -131.851, -319.414, -56.7906, 0.244346, 0, 0, 0.121869, 0.992546, 600, 255, 1),
(104633, 179530, 429, 1, 1, -22.3061, -349.882, -4.07224, -2.02458, 0, 0, -0.848047, 0.529921, 600, 255, 1),
(104634, 179530, 429, 1, 1, -156.299, -321.1, -4.14717, 1.25664, 0, 0, 0.587786, 0.809016, 600, 255, 1),
(104635, 179530, 429, 1, 1, 31.0736, -681.584, -25.1616, 0, 0, 0, 0, 1, 600, 255, 1),
(104636, 179530, 429, 1, 1, 36.7152, -467.008, -4.24876, 1.58825, 0, 0, 0.713251, 0.700909, 600, 255, 1),
(104637, 179530, 429, 1, 1, -10.2151, -349.267, -53.8632, 2.05949, 0, 0, 0.857167, 0.515038, 600, 255, 1),
(104638, 179530, 429, 1, 1, -51.4662, -358.168, -4.13823, 1.81514, 0, 0, 0.78801, 0.615662, 600, 255, 1),
(104639, 179530, 429, 1, 1, 21.9326, -409.795, -58.6142, 0, 0, 0, 0, 1, 600, 255, 1),
(104640, 179530, 429, 1, 1, 117.148, -408.461, -3.27357, 2.32129, 0, 0, 0.91706, 0.398748, 600, 255, 1),
(104641, 179530, 429, 1, 1, 102.549, -246.011, -56.3647, 0.785397, 0, 0, 0.382683, 0.92388, 600, 255, 1),
(104642, 179530, 429, 1, 1, 263.393, -568.436, -111.976, -2.67035, 0, 0, -0.972369, 0.233447, 600, 255, 1),
(104643, 179530, 429, 1, 1, 477.125, 307.609, 2.85288, 1.74533, 0, 0, 0.766045, 0.642787, 600, 255, 1),
(104644, 179530, 429, 1, 1, 423.649, -94.0369, -3.88739, -0.453785, 0, 0, -0.224951, 0.97437, 600, 255, 1),
(104645, 179530, 429, 1, 1, 4.90084, -450.306, -58.6294, 0, 0, 0, 0, 1, 600, 255, 1),
(104646, 179530, 429, 1, 1, 71.7209, -409.745, -4.21656, 3.12412, 0, 0, 0.999962, 0.00873622, 600, 255, 1),
(104647, 179530, 429, 1, 1, -27.7882, -388.435, -4.22943, 1.39626, 0, 0, 0.642786, 0.766046, 600, 255, 1),
(104648, 179530, 429, 1, 1, -42.6484, -341.5, -52.6547, 0.244346, 0, 0, 0.121869, 0.992546, 600, 255, 1),
(104649, 179530, 429, 1, 1, 34.9096, -365.079, -4.14052, 0.314158, 0, 0, 0.156434, 0.987688, 600, 255, 1),
(104650, 179530, 429, 1, 1, -114.736, -199.653, -4.1244, 0, 0, 0, 0, 1, 600, 255, 1),
(104651, 179530, 429, 1, 1, 101.961, -247.727, -4.01977, 2.84488, 0, 0, 0.989015, 0.147813, 600, 255, 1),
(104652, 179530, 429, 1, 1, 126.702, -248.335, -4.14639, -2.72271, 0, 0, -0.978147, 0.207914, 600, 255, 1),
(104653, 179530, 429, 1, 1, 66.2358, -633.758, -25.163, 3.05433, 0, 0, 0.999048, 0.0436193, 600, 255, 1),
(104654, 179530, 429, 1, 1, -6.16094, -433.403, -4.22212, 0, 0, 0, 0, 1, 600, 255, 1),
(104655, 179530, 429, 1, 1, 2.64945, -210.379, -52.3845, -0.95993, 0, 0, -0.461748, 0.887011, 600, 255, 1),
(104656, 179530, 429, 1, 1, -168.655, -271.912, -4.12082, -0.750491, 0, 0, -0.366501, 0.930418, 600, 255, 1),
(104657, 179530, 429, 1, 1, 55.8777, -438.434, -58.5981, -0.855211, 0, 0, -0.414693, 0.909961, 600, 255, 1),
(104658, 179530, 429, 1, 1, 59.0393, -760.028, -25.0955, -1.23918, 0, 0, -0.580703, 0.814116, 600, 255, 1),
(104659, 179530, 429, 1, 1, 71.7946, -437.261, -58.5956, 0.872664, 0, 0, 0.422618, 0.906308, 600, 255, 1),
(104660, 179530, 429, 1, 1, -28.3324, -385.063, -58.6181, 1.95477, 0, 0, 0.829038, 0.559192, 600, 255, 1),
(104661, 179530, 429, 1, 1, 47.8125, -334.275, -52.0553, -0.506145, 0, 0, -0.25038, 0.968148, 600, 255, 1),
(104662, 179530, 429, 1, 1, 353.105, -447.005, -90.0577, 0, 0, 0, 0, 1, 600, 255, 1),
(104663, 179530, 429, 1, 1, 509.725, 523.927, -25.4027, -2.80997, 0, 0, -0.986285, 0.165053, 600, 255, 1),
(104664, 179530, 429, 1, 1, 456.691, -47.364, -3.88702, -1.76278, 0, 0, -0.771624, 0.636079, 600, 255, 1),
(104665, 179530, 429, 1, 1, 34.5069, -391.211, -58.6112, -2.16421, 0, 0, -0.882948, 0.469471, 600, 255, 1),
(104666, 179530, 429, 1, 1, -12.3063, -396.872, -4.22113, -0.593412, 0, 0, -0.292372, 0.956305, 600, 255, 1),
(104667, 179530, 429, 1, 1, 127.199, -272.801, -4.14639, -1.93732, 0, 0, -0.824127, 0.566404, 600, 255, 1),
(104668, 179530, 429, 1, 1, -94.2365, -406.708, -58.6073, 0, 0, 0, 0, 1, 600, 255, 1),
(104669, 179530, 429, 1, 1, -112.021, -258.887, -56.2501, 0, 0, 0, 0, 1, 600, 255, 1),
(104670, 179530, 429, 1, 1, 134.767, -262.46, -4.14639, -0.488691, 0, 0, -0.241921, 0.970296, 600, 255, 1),
(104671, 179530, 429, 1, 1, -148.661, -210.009, -4.1514, 0.418879, 0, 0, 0.207912, 0.978148, 600, 255, 1),
(104672, 179530, 429, 1, 1, 32.7576, -775.236, -25.1416, -1.309, 0, 0, -0.608763, 0.793352, 600, 255, 1),
(104673, 179530, 429, 1, 1, -109.888, -404.549, -4.21786, -2.07694, 0, 0, -0.861629, 0.507539, 600, 255, 1),
(104674, 179530, 429, 1, 1, -61.5861, -306.311, -55.7067, 2.33874, 0, 0, 0.920505, 0.390732, 600, 255, 1),
(104675, 179530, 429, 1, 1, -7.83484, -199.983, -4.12879, -0.453785, 0, 0, -0.224951, 0.97437, 600, 255, 1),
(104676, 179530, 429, 1, 1, 64.8074, -400.448, -58.6044, -0.628317, 0, 0, -0.309016, 0.951057, 600, 255, 1),
(104677, 179530, 429, 1, 1, 44.9141, -626.477, -25.1061, -2.47837, 0, 0, -0.945519, 0.325567, 600, 255, 1),
(104678, 179530, 429, 1, 1, 66.1826, -315.416, -54.2518, 0, 0, 0, 0, 1, 600, 255, 1),
(104679, 179530, 429, 1, 1, 242.178, -420.788, -119.962, -0.069812, 0, 0, -0.0348988, 0.999391, 600, 255, 1),
(104680, 179530, 429, 1, 1, 490.501, 551.961, -25.381, -0.418879, 0, 0, -0.207912, 0.978148, 600, 255, 1),
(104681, 179530, 429, 1, 1, 468.448, 258.01, 6.34532, 1.02974, 0, 0, 0.492422, 0.870357, 600, 255, 1),
(104682, 179530, 429, 1, 1, -5.54965, -393.198, -58.6137, -0.209439, 0, 0, -0.104528, 0.994522, 600, 255, 1),
(104683, 179530, 429, 1, 1, -124.622, -234.072, -55.1133, -0.314158, 0, 0, -0.156434, 0.987688, 600, 255, 1),
(104684, 179530, 429, 1, 1, 119.36, -336.64, -4.14986, -1.44862, 0, 0, -0.662619, 0.748957, 600, 255, 1),
(104685, 179530, 429, 1, 1, -75.923, -358.893, -4.14481, 2.87979, 0, 0, 0.991445, 0.130528, 600, 255, 1),
(104686, 179530, 429, 1, 1, 41.8712, -744.931, -25.1339, 0.104719, 0, 0, 0.0523356, 0.99863, 600, 255, 1),
(104687, 179530, 429, 1, 1, 36.7851, -402.629, -4.21849, -2.49582, 0, 0, -0.948323, 0.317306, 600, 255, 1),
(104688, 179530, 429, 1, 1, -14.44, -309.911, -52.1458, 0, 0, 0, 0, 1, 600, 255, 1),
(104689, 179530, 429, 1, 1, 126.758, -296.278, -4.14639, -1.95477, 0, 0, -0.829037, 0.559194, 600, 255, 1),
(104690, 179530, 429, 1, 1, -32.8264, -463.171, -58.6176, 0.488691, 0, 0, 0.241921, 0.970296, 600, 255, 1),
(104691, 179530, 429, 1, 1, 17.3334, -704.192, -12.6426, -2.19912, 0, 0, -0.891008, 0.453988, 600, 255, 1),
(104692, 179530, 429, 1, 1, 50.4484, -241.885, -53.2931, 1.8675, 0, 0, 0.803856, 0.594824, 600, 255, 1),
(104693, 179530, 429, 1, 1, 189.484, -482.115, -100.601, 1.93731, 0, 0, 0.824125, 0.566409, 600, 255, 1),
(104694, 179530, 429, 1, 1, 423.59, 262.49, 11.1475, 0, 0, 0, 0, 1, 600, 255, 1),
(104695, 179530, 429, 1, 1, 475.207, -104.252, -3.88595, -1.32645, 0, 0, -0.615661, 0.788011, 600, 255, 1);
REPLACE INTO `gameobject` (`guid`, `id`, `map`, `spawnMask`, `phaseMask`, `position_x`, `position_y`, `position_z`, `orientation`, `rotation0`, `rotation1`, `rotation2`, `rotation3`, `spawntimesecs`, `animprogress`, `state`) VALUES
(104436, 179527, 429, 1, 1, -27.0036, -404.283, -58.614, 0.226892, 0, 0, 0.113203, 0.993572, 600, 255, 1),
(104437, 179527, 429, 1, 1, -131.851, -319.414, -56.7906, 0.244346, 0, 0, 0.121869, 0.992546, 600, 255, 1),
(104438, 179527, 429, 1, 1, -22.3061, -349.882, -4.07224, -2.02458, 0, 0, -0.848047, 0.529921, 600, 255, 1),
(104439, 179527, 429, 1, 1, -156.299, -321.1, -4.14717, 1.25664, 0, 0, 0.587786, 0.809016, 600, 255, 1),
(104440, 179527, 429, 1, 1, 31.0736, -681.584, -25.1616, 0, 0, 0, 0, 1, 600, 255, 1),
(104441, 179527, 429, 1, 1, 36.7152, -467.008, -4.24876, 1.58825, 0, 0, 0.713251, 0.700909, 600, 255, 1),
(104442, 179527, 429, 1, 1, -10.2151, -349.267, -53.8632, 2.05949, 0, 0, 0.857167, 0.515038, 600, 255, 1),
(104443, 179527, 429, 1, 1, -51.4662, -358.168, -4.13823, 1.81514, 0, 0, 0.78801, 0.615662, 600, 255, 1),
(104444, 179527, 429, 1, 1, 21.9326, -409.795, -58.6142, 0, 0, 0, 0, 1, 600, 255, 1),
(104445, 179527, 429, 1, 1, 117.148, -408.461, -3.27357, 2.32129, 0, 0, 0.91706, 0.398748, 600, 255, 1),
(104446, 179527, 429, 1, 1, 102.549, -246.011, -56.3647, 0.785397, 0, 0, 0.382683, 0.92388, 600, 255, 1),
(104447, 179527, 429, 1, 1, 263.393, -568.436, -111.976, -2.67035, 0, 0, -0.972369, 0.233447, 600, 255, 1),
(104448, 179527, 429, 1, 1, 477.125, 307.609, 2.85288, 1.74533, 0, 0, 0.766045, 0.642787, 600, 255, 1),
(104449, 179527, 429, 1, 1, 423.649, -94.0369, -3.88739, -0.453785, 0, 0, -0.224951, 0.97437, 600, 255, 1),
(104450, 179527, 429, 1, 1, 4.90084, -450.306, -58.6294, 0, 0, 0, 0, 1, 600, 255, 1),
(104451, 179527, 429, 1, 1, 71.7209, -409.745, -4.21656, 3.12412, 0, 0, 0.999962, 0.00873622, 600, 255, 1),
(104452, 179527, 429, 1, 1, -27.7882, -388.435, -4.22943, 1.39626, 0, 0, 0.642786, 0.766046, 600, 255, 1),
(104453, 179527, 429, 1, 1, -42.6484, -341.5, -52.6547, 0.244346, 0, 0, 0.121869, 0.992546, 600, 255, 1),
(104454, 179527, 429, 1, 1, 34.9096, -365.079, -4.14052, 0.314158, 0, 0, 0.156434, 0.987688, 600, 255, 1),
(104455, 179527, 429, 1, 1, -114.736, -199.653, -4.1244, 0, 0, 0, 0, 1, 600, 255, 1),
(104456, 179527, 429, 1, 1, 101.961, -247.727, -4.01977, 2.84488, 0, 0, 0.989015, 0.147813, 600, 255, 1),
(104457, 179527, 429, 1, 1, 126.702, -248.335, -4.14639, -2.72271, 0, 0, -0.978147, 0.207914, 600, 255, 1),
(104458, 179527, 429, 1, 1, 66.2358, -633.758, -25.163, 3.05433, 0, 0, 0.999048, 0.0436193, 600, 255, 1),
(104459, 179527, 429, 1, 1, -6.16094, -433.403, -4.22212, 0, 0, 0, 0, 1, 600, 255, 1),
(104460, 179527, 429, 1, 1, 2.64945, -210.379, -52.3845, -0.95993, 0, 0, -0.461748, 0.887011, 600, 255, 1),
(104461, 179527, 429, 1, 1, -168.655, -271.912, -4.12082, -0.750491, 0, 0, -0.366501, 0.930418, 600, 255, 1),
(104462, 179527, 429, 1, 1, 55.8777, -438.434, -58.5981, -0.855211, 0, 0, -0.414693, 0.909961, 600, 255, 1),
(104463, 179527, 429, 1, 1, 59.0393, -760.028, -25.0955, -1.23918, 0, 0, -0.580703, 0.814116, 600, 255, 1),
(104464, 179527, 429, 1, 1, 71.7946, -437.261, -58.5956, 0.872664, 0, 0, 0.422618, 0.906308, 600, 255, 1),
(104465, 179527, 429, 1, 1, -28.3324, -385.063, -58.6181, 1.95477, 0, 0, 0.829038, 0.559192, 600, 255, 1),
(104466, 179527, 429, 1, 1, 47.8125, -334.275, -52.0553, -0.506145, 0, 0, -0.25038, 0.968148, 600, 255, 1),
(104467, 179527, 429, 1, 1, 353.105, -447.005, -90.0577, 0, 0, 0, 0, 1, 600, 255, 1),
(104468, 179527, 429, 1, 1, 509.725, 523.927, -25.4027, -2.80997, 0, 0, -0.986285, 0.165053, 600, 255, 1),
(104469, 179527, 429, 1, 1, 456.691, -47.364, -3.88702, -1.76278, 0, 0, -0.771624, 0.636079, 600, 255, 1),
(104470, 179527, 429, 1, 1, 34.5069, -391.211, -58.6112, -2.16421, 0, 0, -0.882948, 0.469471, 600, 255, 1),
(104471, 179527, 429, 1, 1, -12.3063, -396.872, -4.22113, -0.593412, 0, 0, -0.292372, 0.956305, 600, 255, 1),
(104472, 179527, 429, 1, 1, 127.199, -272.801, -4.14639, -1.93732, 0, 0, -0.824127, 0.566404, 600, 255, 1),
(104473, 179527, 429, 1, 1, -94.2365, -406.708, -58.6073, 0, 0, 0, 0, 1, 600, 255, 1),
(104474, 179527, 429, 1, 1, -112.021, -258.887, -56.2501, 0, 0, 0, 0, 1, 600, 255, 1),
(104475, 179527, 429, 1, 1, 134.767, -262.46, -4.14639, -0.488691, 0, 0, -0.241921, 0.970296, 600, 255, 1),
(104476, 179527, 429, 1, 1, -148.661, -210.009, -4.1514, 0.418879, 0, 0, 0.207912, 0.978148, 600, 255, 1),
(104477, 179527, 429, 1, 1, 32.7576, -775.236, -25.1416, -1.309, 0, 0, -0.608763, 0.793352, 600, 255, 1),
(104478, 179527, 429, 1, 1, -109.888, -404.549, -4.21786, -2.07694, 0, 0, -0.861629, 0.507539, 600, 255, 1),
(104479, 179527, 429, 1, 1, -61.5861, -306.311, -55.7067, 2.33874, 0, 0, 0.920505, 0.390732, 600, 255, 1),
(104480, 179527, 429, 1, 1, -7.83484, -199.983, -4.12879, -0.453785, 0, 0, -0.224951, 0.97437, 600, 255, 1),
(104481, 179527, 429, 1, 1, 64.8074, -400.448, -58.6044, -0.628317, 0, 0, -0.309016, 0.951057, 600, 255, 1),
(104482, 179527, 429, 1, 1, 44.9141, -626.477, -25.1061, -2.47837, 0, 0, -0.945519, 0.325567, 600, 255, 1),
(104483, 179527, 429, 1, 1, 66.1826, -315.416, -54.2518, 0, 0, 0, 0, 1, 600, 255, 1),
(104484, 179527, 429, 1, 1, 242.178, -420.788, -119.962, -0.069812, 0, 0, -0.0348988, 0.999391, 600, 255, 1),
(104485, 179527, 429, 1, 1, 490.501, 551.961, -25.381, -0.418879, 0, 0, -0.207912, 0.978148, 600, 255, 1),
(104486, 179527, 429, 1, 1, 468.448, 258.01, 6.34532, 1.02974, 0, 0, 0.492422, 0.870357, 600, 255, 1),
(104487, 179527, 429, 1, 1, -5.54965, -393.198, -58.6137, -0.209439, 0, 0, -0.104528, 0.994522, 600, 255, 1),
(104488, 179527, 429, 1, 1, -124.622, -234.072, -55.1133, -0.314158, 0, 0, -0.156434, 0.987688, 600, 255, 1),
(104489, 179527, 429, 1, 1, 119.36, -336.64, -4.14986, -1.44862, 0, 0, -0.662619, 0.748957, 600, 255, 1),
(104490, 179527, 429, 1, 1, -75.923, -358.893, -4.14481, 2.87979, 0, 0, 0.991445, 0.130528, 600, 255, 1),
(104491, 179527, 429, 1, 1, 41.8712, -744.931, -25.1339, 0.104719, 0, 0, 0.0523356, 0.99863, 600, 255, 1),
(104492, 179527, 429, 1, 1, 36.7851, -402.629, -4.21849, -2.49582, 0, 0, -0.948323, 0.317306, 600, 255, 1),
(104493, 179527, 429, 1, 1, -14.44, -309.911, -52.1458, 0, 0, 0, 0, 1, 600, 255, 1),
(104494, 179527, 429, 1, 1, 126.758, -296.278, -4.14639, -1.95477, 0, 0, -0.829037, 0.559194, 600, 255, 1),
(104495, 179527, 429, 1, 1, -32.8264, -463.171, -58.6176, 0.488691, 0, 0, 0.241921, 0.970296, 600, 255, 1),
(104496, 179527, 429, 1, 1, 17.3334, -704.192, -12.6426, -2.19912, 0, 0, -0.891008, 0.453988, 600, 255, 1),
(104497, 179527, 429, 1, 1, 50.4484, -241.885, -53.2931, 1.8675, 0, 0, 0.803856, 0.594824, 600, 255, 1),
(104498, 179527, 429, 1, 1, 189.484, -482.115, -100.601, 1.93731, 0, 0, 0.824125, 0.566409, 600, 255, 1),
(104499, 179527, 429, 1, 1, 423.59, 262.49, 11.1475, 0, 0, 0, 0, 1, 600, 255, 1),
(104500, 179527, 429, 1, 1, 475.207, -104.252, -3.88595, -1.32645, 0, 0, -0.615661, 0.788011, 600, 255, 1);
REPLACE INTO `gameobject` (`guid`, `id`, `map`, `spawnMask`, `phaseMask`, `position_x`, `position_y`, `position_z`, `orientation`, `rotation0`, `rotation1`, `rotation2`, `rotation3`, `spawntimesecs`, `animprogress`, `state`) VALUES
(104761, 179531, 429, 1, 1, -27.0036, -404.283, -58.614, 0.226892, 0, 0, 0.113203, 0.993572, 600, 255, 1),
(104762, 179531, 429, 1, 1, -131.851, -319.414, -56.7906, 0.244346, 0, 0, 0.121869, 0.992546, 600, 255, 1),
(104763, 179531, 429, 1, 1, -22.3061, -349.882, -4.07224, -2.02458, 0, 0, -0.848047, 0.529921, 600, 255, 1),
(104764, 179531, 429, 1, 1, -156.299, -321.1, -4.14717, 1.25664, 0, 0, 0.587786, 0.809016, 600, 255, 1),
(104765, 179531, 429, 1, 1, 31.0736, -681.584, -25.1616, 0, 0, 0, 0, 1, 600, 255, 1),
(104766, 179531, 429, 1, 1, 36.7152, -467.008, -4.24876, 1.58825, 0, 0, 0.713251, 0.700909, 600, 255, 1),
(104767, 179531, 429, 1, 1, -10.2151, -349.267, -53.8632, 2.05949, 0, 0, 0.857167, 0.515038, 600, 255, 1),
(104768, 179531, 429, 1, 1, -51.4662, -358.168, -4.13823, 1.81514, 0, 0, 0.78801, 0.615662, 600, 255, 1),
(104769, 179531, 429, 1, 1, 21.9326, -409.795, -58.6142, 0, 0, 0, 0, 1, 600, 255, 1),
(104770, 179531, 429, 1, 1, 117.148, -408.461, -3.27357, 2.32129, 0, 0, 0.91706, 0.398748, 600, 255, 1),
(104771, 179531, 429, 1, 1, 102.549, -246.011, -56.3647, 0.785397, 0, 0, 0.382683, 0.92388, 600, 255, 1),
(104772, 179531, 429, 1, 1, 263.393, -568.436, -111.976, -2.67035, 0, 0, -0.972369, 0.233447, 600, 255, 1),
(104773, 179531, 429, 1, 1, 477.125, 307.609, 2.85288, 1.74533, 0, 0, 0.766045, 0.642787, 600, 255, 1),
(104774, 179531, 429, 1, 1, 423.649, -94.0369, -3.88739, -0.453785, 0, 0, -0.224951, 0.97437, 600, 255, 1),
(104775, 179531, 429, 1, 1, 4.90084, -450.306, -58.6294, 0, 0, 0, 0, 1, 600, 255, 1),
(104776, 179531, 429, 1, 1, 71.7209, -409.745, -4.21656, 3.12412, 0, 0, 0.999962, 0.00873622, 600, 255, 1),
(104777, 179531, 429, 1, 1, -27.7882, -388.435, -4.22943, 1.39626, 0, 0, 0.642786, 0.766046, 600, 255, 1),
(104778, 179531, 429, 1, 1, -42.6484, -341.5, -52.6547, 0.244346, 0, 0, 0.121869, 0.992546, 600, 255, 1),
(104779, 179531, 429, 1, 1, 34.9096, -365.079, -4.14052, 0.314158, 0, 0, 0.156434, 0.987688, 600, 255, 1),
(104780, 179531, 429, 1, 1, -114.736, -199.653, -4.1244, 0, 0, 0, 0, 1, 600, 255, 1),
(104781, 179531, 429, 1, 1, 101.961, -247.727, -4.01977, 2.84488, 0, 0, 0.989015, 0.147813, 600, 255, 1),
(104782, 179531, 429, 1, 1, 126.702, -248.335, -4.14639, -2.72271, 0, 0, -0.978147, 0.207914, 600, 255, 1),
(104783, 179531, 429, 1, 1, 66.2358, -633.758, -25.163, 3.05433, 0, 0, 0.999048, 0.0436193, 600, 255, 1),
(104784, 179531, 429, 1, 1, -6.16094, -433.403, -4.22212, 0, 0, 0, 0, 1, 600, 255, 1),
(104785, 179531, 429, 1, 1, 2.64945, -210.379, -52.3845, -0.95993, 0, 0, -0.461748, 0.887011, 600, 255, 1),
(104786, 179531, 429, 1, 1, -168.655, -271.912, -4.12082, -0.750491, 0, 0, -0.366501, 0.930418, 600, 255, 1),
(104787, 179531, 429, 1, 1, 55.8777, -438.434, -58.5981, -0.855211, 0, 0, -0.414693, 0.909961, 600, 255, 1),
(104788, 179531, 429, 1, 1, 59.0393, -760.028, -25.0955, -1.23918, 0, 0, -0.580703, 0.814116, 600, 255, 1),
(104789, 179531, 429, 1, 1, 71.7946, -437.261, -58.5956, 0.872664, 0, 0, 0.422618, 0.906308, 600, 255, 1),
(104790, 179531, 429, 1, 1, -28.3324, -385.063, -58.6181, 1.95477, 0, 0, 0.829038, 0.559192, 600, 255, 1),
(104791, 179531, 429, 1, 1, 47.8125, -334.275, -52.0553, -0.506145, 0, 0, -0.25038, 0.968148, 600, 255, 1),
(104792, 179531, 429, 1, 1, 353.105, -447.005, -90.0577, 0, 0, 0, 0, 1, 600, 255, 1),
(104793, 179531, 429, 1, 1, 509.725, 523.927, -25.4027, -2.80997, 0, 0, -0.986285, 0.165053, 600, 255, 1),
(104794, 179531, 429, 1, 1, 456.691, -47.364, -3.88702, -1.76278, 0, 0, -0.771624, 0.636079, 600, 255, 1),
(104795, 179531, 429, 1, 1, 34.5069, -391.211, -58.6112, -2.16421, 0, 0, -0.882948, 0.469471, 600, 255, 1),
(104796, 179531, 429, 1, 1, -12.3063, -396.872, -4.22113, -0.593412, 0, 0, -0.292372, 0.956305, 600, 255, 1),
(104797, 179531, 429, 1, 1, 127.199, -272.801, -4.14639, -1.93732, 0, 0, -0.824127, 0.566404, 600, 255, 1),
(104798, 179531, 429, 1, 1, -94.2365, -406.708, -58.6073, 0, 0, 0, 0, 1, 600, 255, 1),
(104799, 179531, 429, 1, 1, -112.021, -258.887, -56.2501, 0, 0, 0, 0, 1, 600, 255, 1),
(104800, 179531, 429, 1, 1, 134.767, -262.46, -4.14639, -0.488691, 0, 0, -0.241921, 0.970296, 600, 255, 1),
(104801, 179531, 429, 1, 1, -148.661, -210.009, -4.1514, 0.418879, 0, 0, 0.207912, 0.978148, 600, 255, 1),
(104802, 179531, 429, 1, 1, 32.7576, -775.236, -25.1416, -1.309, 0, 0, -0.608763, 0.793352, 600, 255, 1),
(104803, 179531, 429, 1, 1, -109.888, -404.549, -4.21786, -2.07694, 0, 0, -0.861629, 0.507539, 600, 255, 1),
(104804, 179531, 429, 1, 1, -61.5861, -306.311, -55.7067, 2.33874, 0, 0, 0.920505, 0.390732, 600, 255, 1),
(104805, 179531, 429, 1, 1, -7.83484, -199.983, -4.12879, -0.453785, 0, 0, -0.224951, 0.97437, 600, 255, 1),
(104806, 179531, 429, 1, 1, 64.8074, -400.448, -58.6044, -0.628317, 0, 0, -0.309016, 0.951057, 600, 255, 1),
(104807, 179531, 429, 1, 1, 44.9141, -626.477, -25.1061, -2.47837, 0, 0, -0.945519, 0.325567, 600, 255, 1),
(104808, 179531, 429, 1, 1, 66.1826, -315.416, -54.2518, 0, 0, 0, 0, 1, 600, 255, 1),
(104809, 179531, 429, 1, 1, 242.178, -420.788, -119.962, -0.069812, 0, 0, -0.0348988, 0.999391, 600, 255, 1),
(104810, 179531, 429, 1, 1, 490.501, 551.961, -25.381, -0.418879, 0, 0, -0.207912, 0.978148, 600, 255, 1),
(104811, 179531, 429, 1, 1, 468.448, 258.01, 6.34532, 1.02974, 0, 0, 0.492422, 0.870357, 600, 255, 1),
(104812, 179531, 429, 1, 1, -5.54965, -393.198, -58.6137, -0.209439, 0, 0, -0.104528, 0.994522, 600, 255, 1),
(104813, 179531, 429, 1, 1, -124.622, -234.072, -55.1133, -0.314158, 0, 0, -0.156434, 0.987688, 600, 255, 1),
(104814, 179531, 429, 1, 1, 119.36, -336.64, -4.14986, -1.44862, 0, 0, -0.662619, 0.748957, 600, 255, 1),
(104815, 179531, 429, 1, 1, -75.923, -358.893, -4.14481, 2.87979, 0, 0, 0.991445, 0.130528, 600, 255, 1),
(104816, 179531, 429, 1, 1, 41.8712, -744.931, -25.1339, 0.104719, 0, 0, 0.0523356, 0.99863, 600, 255, 1),
(104817, 179531, 429, 1, 1, 36.7851, -402.629, -4.21849, -2.49582, 0, 0, -0.948323, 0.317306, 600, 255, 1),
(104818, 179531, 429, 1, 1, -14.44, -309.911, -52.1458, 0, 0, 0, 0, 1, 600, 255, 1),
(104819, 179531, 429, 1, 1, 126.758, -296.278, -4.14639, -1.95477, 0, 0, -0.829037, 0.559194, 600, 255, 1),
(104820, 179531, 429, 1, 1, -32.8264, -463.171, -58.6176, 0.488691, 0, 0, 0.241921, 0.970296, 600, 255, 1),
(104821, 179531, 429, 1, 1, 17.3334, -704.192, -12.6426, -2.19912, 0, 0, -0.891008, 0.453988, 600, 255, 1),
(104822, 179531, 429, 1, 1, 50.4484, -241.885, -53.2931, 1.8675, 0, 0, 0.803856, 0.594824, 600, 255, 1),
(104823, 179531, 429, 1, 1, 189.484, -482.115, -100.601, 1.93731, 0, 0, 0.824125, 0.566409, 600, 255, 1),
(104824, 179531, 429, 1, 1, 423.59, 262.49, 11.1475, 0, 0, 0, 0, 1, 600, 255, 1),
(104825, 179531, 429, 1, 1, 475.207, -104.252, -3.88595, -1.32645, 0, 0, -0.615661, 0.788011, 600, 255, 1);
REPLACE INTO `gameobject` (`guid`, `id`, `map`, `spawnMask`, `phaseMask`, `position_x`, `position_y`, `position_z`, `orientation`, `rotation0`, `rotation1`, `rotation2`, `rotation3`, `spawntimesecs`, `animprogress`, `state`) VALUES
(48760, 179526, 429, 1, 1, -27.0036, -404.283, -58.614, 0.226892, 0, 0, 0.113203, 0.993572, 600, 255, 1),
(48761, 179526, 429, 1, 1, -131.851, -319.414, -56.7906, 0.244346, 0, 0, 0.121869, 0.992546, 600, 255, 1),
(48762, 179526, 429, 1, 1, -22.3061, -349.882, -4.07224, -2.02458, 0, 0, -0.848047, 0.529921, 600, 255, 1),
(48763, 179526, 429, 1, 1, -156.299, -321.1, -4.14717, 1.25664, 0, 0, 0.587786, 0.809016, 600, 255, 1),
(48764, 179526, 429, 1, 1, 31.0736, -681.584, -25.1616, 0, 0, 0, 0, 1, 600, 255, 1),
(48765, 179526, 429, 1, 1, 36.7152, -467.008, -4.24876, 1.58825, 0, 0, 0.713251, 0.700909, 600, 255, 1),
(48766, 179526, 429, 1, 1, -10.2151, -349.267, -53.8632, 2.05949, 0, 0, 0.857167, 0.515038, 600, 255, 1),
(48767, 179526, 429, 1, 1, -51.4662, -358.168, -4.13823, 1.81514, 0, 0, 0.78801, 0.615662, 600, 255, 1),
(48768, 179526, 429, 1, 1, 21.9326, -409.795, -58.6142, 0, 0, 0, 0, 1, 600, 255, 1),
(48769, 179526, 429, 1, 1, 117.148, -408.461, -3.27357, 2.32129, 0, 0, 0.91706, 0.398748, 600, 255, 1),
(48770, 179526, 429, 1, 1, 102.549, -246.011, -56.3647, 0.785397, 0, 0, 0.382683, 0.92388, 600, 255, 1),
(48771, 179526, 429, 1, 1, 263.393, -568.436, -111.976, -2.67035, 0, 0, -0.972369, 0.233447, 600, 255, 1),
(48772, 179526, 429, 1, 1, 477.125, 307.609, 2.85288, 1.74533, 0, 0, 0.766045, 0.642787, 600, 255, 1),
(48773, 179526, 429, 1, 1, 423.649, -94.0369, -3.88739, -0.453785, 0, 0, -0.224951, 0.97437, 600, 255, 1),
(48774, 179526, 429, 1, 1, 4.90084, -450.306, -58.6294, 0, 0, 0, 0, 1, 600, 255, 1),
(48775, 179526, 429, 1, 1, 71.7209, -409.745, -4.21656, 3.12412, 0, 0, 0.999962, 0.00873622, 600, 255, 1),
(48776, 179526, 429, 1, 1, -27.7882, -388.435, -4.22943, 1.39626, 0, 0, 0.642786, 0.766046, 600, 255, 1),
(48777, 179526, 429, 1, 1, -42.6484, -341.5, -52.6547, 0.244346, 0, 0, 0.121869, 0.992546, 600, 255, 1),
(48778, 179526, 429, 1, 1, 34.9096, -365.079, -4.14052, 0.314158, 0, 0, 0.156434, 0.987688, 600, 255, 1),
(48779, 179526, 429, 1, 1, -114.736, -199.653, -4.1244, 0, 0, 0, 0, 1, 600, 255, 1),
(48780, 179526, 429, 1, 1, 101.961, -247.727, -4.01977, 2.84488, 0, 0, 0.989015, 0.147813, 600, 255, 1),
(48781, 179526, 429, 1, 1, 126.702, -248.335, -4.14639, -2.72271, 0, 0, -0.978147, 0.207914, 600, 255, 1),
(48782, 179526, 429, 1, 1, 66.2358, -633.758, -25.163, 3.05433, 0, 0, 0.999048, 0.0436193, 600, 255, 1),
(48783, 179526, 429, 1, 1, -6.16094, -433.403, -4.22212, 0, 0, 0, 0, 1, 600, 255, 1),
(48784, 179526, 429, 1, 1, 2.64945, -210.379, -52.3845, -0.95993, 0, 0, -0.461748, 0.887011, 600, 255, 1),
(48785, 179526, 429, 1, 1, -168.655, -271.912, -4.12082, -0.750491, 0, 0, -0.366501, 0.930418, 600, 255, 1),
(48786, 179526, 429, 1, 1, 55.8777, -438.434, -58.5981, -0.855211, 0, 0, -0.414693, 0.909961, 600, 255, 1),
(48787, 179526, 429, 1, 1, 59.0393, -760.028, -25.0955, -1.23918, 0, 0, -0.580703, 0.814116, 600, 255, 1),
(48788, 179526, 429, 1, 1, 71.7946, -437.261, -58.5956, 0.872664, 0, 0, 0.422618, 0.906308, 600, 255, 1),
(48789, 179526, 429, 1, 1, -28.3324, -385.063, -58.6181, 1.95477, 0, 0, 0.829038, 0.559192, 600, 255, 1),
(48790, 179526, 429, 1, 1, 47.8125, -334.275, -52.0553, -0.506145, 0, 0, -0.25038, 0.968148, 600, 255, 1),
(48791, 179526, 429, 1, 1, 353.105, -447.005, -90.0577, 0, 0, 0, 0, 1, 600, 255, 1),
(48792, 179526, 429, 1, 1, 509.725, 523.927, -25.4027, -2.80997, 0, 0, -0.986285, 0.165053, 600, 255, 1),
(48793, 179526, 429, 1, 1, 456.691, -47.364, -3.88702, -1.76278, 0, 0, -0.771624, 0.636079, 600, 255, 1),
(48794, 179526, 429, 1, 1, 34.5069, -391.211, -58.6112, -2.16421, 0, 0, -0.882948, 0.469471, 600, 255, 1),
(48795, 179526, 429, 1, 1, -12.3063, -396.872, -4.22113, -0.593412, 0, 0, -0.292372, 0.956305, 600, 255, 1),
(48796, 179526, 429, 1, 1, 127.199, -272.801, -4.14639, -1.93732, 0, 0, -0.824127, 0.566404, 600, 255, 1),
(48797, 179526, 429, 1, 1, -94.2365, -406.708, -58.6073, 0, 0, 0, 0, 1, 600, 255, 1),
(48798, 179526, 429, 1, 1, -112.021, -258.887, -56.2501, 0, 0, 0, 0, 1, 600, 255, 1),
(48799, 179526, 429, 1, 1, 134.767, -262.46, -4.14639, -0.488691, 0, 0, -0.241921, 0.970296, 600, 255, 1),
(48800, 179526, 429, 1, 1, -148.661, -210.009, -4.1514, 0.418879, 0, 0, 0.207912, 0.978148, 600, 255, 1),
(48801, 179526, 429, 1, 1, 32.7576, -775.236, -25.1416, -1.309, 0, 0, -0.608763, 0.793352, 600, 255, 1),
(48802, 179526, 429, 1, 1, -109.888, -404.549, -4.21786, -2.07694, 0, 0, -0.861629, 0.507539, 600, 255, 1),
(48803, 179526, 429, 1, 1, -61.5861, -306.311, -55.7067, 2.33874, 0, 0, 0.920505, 0.390732, 600, 255, 1),
(48804, 179526, 429, 1, 1, -7.83484, -199.983, -4.12879, -0.453785, 0, 0, -0.224951, 0.97437, 600, 255, 1),
(48805, 179526, 429, 1, 1, 64.8074, -400.448, -58.6044, -0.628317, 0, 0, -0.309016, 0.951057, 600, 255, 1),
(48806, 179526, 429, 1, 1, 44.9141, -626.477, -25.1061, -2.47837, 0, 0, -0.945519, 0.325567, 600, 255, 1),
(48807, 179526, 429, 1, 1, 66.1826, -315.416, -54.2518, 0, 0, 0, 0, 1, 600, 255, 1),
(48808, 179526, 429, 1, 1, 242.178, -420.788, -119.962, -0.069812, 0, 0, -0.0348988, 0.999391, 600, 255, 1),
(48809, 179526, 429, 1, 1, 490.501, 551.961, -25.381, -0.418879, 0, 0, -0.207912, 0.978148, 600, 255, 1),
(48810, 179526, 429, 1, 1, 468.448, 258.01, 6.34532, 1.02974, 0, 0, 0.492422, 0.870357, 600, 255, 1),
(48811, 179526, 429, 1, 1, -5.54965, -393.198, -58.6137, -0.209439, 0, 0, -0.104528, 0.994522, 600, 255, 1),
(48812, 179526, 429, 1, 1, -124.622, -234.072, -55.1133, -0.314158, 0, 0, -0.156434, 0.987688, 600, 255, 1),
(48813, 179526, 429, 1, 1, 119.36, -336.64, -4.14986, -1.44862, 0, 0, -0.662619, 0.748957, 600, 255, 1),
(48814, 179526, 429, 1, 1, -75.923, -358.893, -4.14481, 2.87979, 0, 0, 0.991445, 0.130528, 600, 255, 1),
(48815, 179526, 429, 1, 1, 41.8712, -744.931, -25.1339, 0.104719, 0, 0, 0.0523356, 0.99863, 600, 255, 1),
(7688, 179526, 429, 1, 1, 36.7851, -402.629, -4.21849, -2.49582, 0, 0, -0.948323, 0.317306, 600, 255, 1),
(7689, 179526, 429, 1, 1, -14.44, -309.911, -52.1458, 0, 0, 0, 0, 1, 600, 255, 1),
(7692, 179526, 429, 1, 1, 126.758, -296.278, -4.14639, -1.95477, 0, 0, -0.829037, 0.559194, 600, 255, 1),
(7694, 179526, 429, 1, 1, -32.8264, -463.171, -58.6176, 0.488691, 0, 0, 0.241921, 0.970296, 600, 255, 1),
(7695, 179526, 429, 1, 1, 17.3334, -704.192, -12.6426, -2.19912, 0, 0, -0.891008, 0.453988, 600, 255, 1),
(7698, 179526, 429, 1, 1, 50.4484, -241.885, -53.2931, 1.8675, 0, 0, 0.803856, 0.594824, 600, 255, 1),
(7699, 179526, 429, 1, 1, 189.484, -482.115, -100.601, 1.93731, 0, 0, 0.824125, 0.566409, 600, 255, 1),
(7700, 179526, 429, 1, 1, 423.59, 262.49, 11.1475, 0, 0, 0, 0, 1, 600, 255, 1),
(7704, 179526, 429, 1, 1, 475.207, -104.252, -3.88595, -1.32645, 0, 0, -0.615661, 0.788011, 600, 255, 1);
REPLACE INTO `gameobject` (`guid`, `id`, `map`, `spawnMask`, `phaseMask`, `position_x`, `position_y`, `position_z`, `orientation`, `rotation0`, `rotation1`, `rotation2`, `rotation3`, `spawntimesecs`, `animprogress`, `state`) VALUES
(104501, 179528, 429, 1, 1, -27.0036, -404.283, -58.614, 0.226892, 0, 0, 0.113203, 0.993572, 600, 255, 1),
(104502, 179528, 429, 1, 1, -131.851, -319.414, -56.7906, 0.244346, 0, 0, 0.121869, 0.992546, 600, 255, 1),
(104503, 179528, 429, 1, 1, -22.3061, -349.882, -4.07224, -2.02458, 0, 0, -0.848047, 0.529921, 600, 255, 1),
(104504, 179528, 429, 1, 1, -156.299, -321.1, -4.14717, 1.25664, 0, 0, 0.587786, 0.809016, 600, 255, 1),
(104505, 179528, 429, 1, 1, 31.0736, -681.584, -25.1616, 0, 0, 0, 0, 1, 600, 255, 1),
(104506, 179528, 429, 1, 1, 36.7152, -467.008, -4.24876, 1.58825, 0, 0, 0.713251, 0.700909, 600, 255, 1),
(104507, 179528, 429, 1, 1, -10.2151, -349.267, -53.8632, 2.05949, 0, 0, 0.857167, 0.515038, 600, 255, 1),
(104508, 179528, 429, 1, 1, -51.4662, -358.168, -4.13823, 1.81514, 0, 0, 0.78801, 0.615662, 600, 255, 1),
(104509, 179528, 429, 1, 1, 21.9326, -409.795, -58.6142, 0, 0, 0, 0, 1, 600, 255, 1),
(104510, 179528, 429, 1, 1, 117.148, -408.461, -3.27357, 2.32129, 0, 0, 0.91706, 0.398748, 600, 255, 1),
(104511, 179528, 429, 1, 1, 102.549, -246.011, -56.3647, 0.785397, 0, 0, 0.382683, 0.92388, 600, 255, 1),
(104512, 179528, 429, 1, 1, 263.393, -568.436, -111.976, -2.67035, 0, 0, -0.972369, 0.233447, 600, 255, 1),
(104513, 179528, 429, 1, 1, 477.125, 307.609, 2.85288, 1.74533, 0, 0, 0.766045, 0.642787, 600, 255, 1),
(104514, 179528, 429, 1, 1, 423.649, -94.0369, -3.88739, -0.453785, 0, 0, -0.224951, 0.97437, 600, 255, 1),
(104515, 179528, 429, 1, 1, 4.90084, -450.306, -58.6294, 0, 0, 0, 0, 1, 600, 255, 1),
(104516, 179528, 429, 1, 1, 71.7209, -409.745, -4.21656, 3.12412, 0, 0, 0.999962, 0.00873622, 600, 255, 1),
(104517, 179528, 429, 1, 1, -27.7882, -388.435, -4.22943, 1.39626, 0, 0, 0.642786, 0.766046, 600, 255, 1),
(104518, 179528, 429, 1, 1, -42.6484, -341.5, -52.6547, 0.244346, 0, 0, 0.121869, 0.992546, 600, 255, 1),
(104519, 179528, 429, 1, 1, 34.9096, -365.079, -4.14052, 0.314158, 0, 0, 0.156434, 0.987688, 600, 255, 1),
(104520, 179528, 429, 1, 1, -114.736, -199.653, -4.1244, 0, 0, 0, 0, 1, 600, 255, 1),
(104521, 179528, 429, 1, 1, 101.961, -247.727, -4.01977, 2.84488, 0, 0, 0.989015, 0.147813, 600, 255, 1),
(104522, 179528, 429, 1, 1, 126.702, -248.335, -4.14639, -2.72271, 0, 0, -0.978147, 0.207914, 600, 255, 1),
(104523, 179528, 429, 1, 1, 66.2358, -633.758, -25.163, 3.05433, 0, 0, 0.999048, 0.0436193, 600, 255, 1),
(104524, 179528, 429, 1, 1, -6.16094, -433.403, -4.22212, 0, 0, 0, 0, 1, 600, 255, 1),
(104525, 179528, 429, 1, 1, 2.64945, -210.379, -52.3845, -0.95993, 0, 0, -0.461748, 0.887011, 600, 255, 1),
(104526, 179528, 429, 1, 1, -168.655, -271.912, -4.12082, -0.750491, 0, 0, -0.366501, 0.930418, 600, 255, 1),
(104527, 179528, 429, 1, 1, 55.8777, -438.434, -58.5981, -0.855211, 0, 0, -0.414693, 0.909961, 600, 255, 1),
(104528, 179528, 429, 1, 1, 59.0393, -760.028, -25.0955, -1.23918, 0, 0, -0.580703, 0.814116, 600, 255, 1),
(104529, 179528, 429, 1, 1, 71.7946, -437.261, -58.5956, 0.872664, 0, 0, 0.422618, 0.906308, 600, 255, 1),
(104530, 179528, 429, 1, 1, -28.3324, -385.063, -58.6181, 1.95477, 0, 0, 0.829038, 0.559192, 600, 255, 1),
(104531, 179528, 429, 1, 1, 47.8125, -334.275, -52.0553, -0.506145, 0, 0, -0.25038, 0.968148, 600, 255, 1),
(104532, 179528, 429, 1, 1, 353.105, -447.005, -90.0577, 0, 0, 0, 0, 1, 600, 255, 1),
(104533, 179528, 429, 1, 1, 509.725, 523.927, -25.4027, -2.80997, 0, 0, -0.986285, 0.165053, 600, 255, 1),
(104534, 179528, 429, 1, 1, 456.691, -47.364, -3.88702, -1.76278, 0, 0, -0.771624, 0.636079, 600, 255, 1),
(104535, 179528, 429, 1, 1, 34.5069, -391.211, -58.6112, -2.16421, 0, 0, -0.882948, 0.469471, 600, 255, 1),
(104536, 179528, 429, 1, 1, -12.3063, -396.872, -4.22113, -0.593412, 0, 0, -0.292372, 0.956305, 600, 255, 1),
(104537, 179528, 429, 1, 1, 127.199, -272.801, -4.14639, -1.93732, 0, 0, -0.824127, 0.566404, 600, 255, 1),
(104538, 179528, 429, 1, 1, -94.2365, -406.708, -58.6073, 0, 0, 0, 0, 1, 600, 255, 1),
(104539, 179528, 429, 1, 1, -112.021, -258.887, -56.2501, 0, 0, 0, 0, 1, 600, 255, 1),
(104540, 179528, 429, 1, 1, 134.767, -262.46, -4.14639, -0.488691, 0, 0, -0.241921, 0.970296, 600, 255, 1),
(104541, 179528, 429, 1, 1, -148.661, -210.009, -4.1514, 0.418879, 0, 0, 0.207912, 0.978148, 600, 255, 1),
(104542, 179528, 429, 1, 1, 32.7576, -775.236, -25.1416, -1.309, 0, 0, -0.608763, 0.793352, 600, 255, 1),
(104543, 179528, 429, 1, 1, -109.888, -404.549, -4.21786, -2.07694, 0, 0, -0.861629, 0.507539, 600, 255, 1),
(104544, 179528, 429, 1, 1, -61.5861, -306.311, -55.7067, 2.33874, 0, 0, 0.920505, 0.390732, 600, 255, 1),
(104545, 179528, 429, 1, 1, -7.83484, -199.983, -4.12879, -0.453785, 0, 0, -0.224951, 0.97437, 600, 255, 1),
(104546, 179528, 429, 1, 1, 64.8074, -400.448, -58.6044, -0.628317, 0, 0, -0.309016, 0.951057, 600, 255, 1),
(104547, 179528, 429, 1, 1, 44.9141, -626.477, -25.1061, -2.47837, 0, 0, -0.945519, 0.325567, 600, 255, 1),
(104548, 179528, 429, 1, 1, 66.1826, -315.416, -54.2518, 0, 0, 0, 0, 1, 600, 255, 1),
(104549, 179528, 429, 1, 1, 242.178, -420.788, -119.962, -0.069812, 0, 0, -0.0348988, 0.999391, 600, 255, 1),
(104550, 179528, 429, 1, 1, 490.501, 551.961, -25.381, -0.418879, 0, 0, -0.207912, 0.978148, 600, 255, 1),
(104551, 179528, 429, 1, 1, 468.448, 258.01, 6.34532, 1.02974, 0, 0, 0.492422, 0.870357, 600, 255, 1),
(104552, 179528, 429, 1, 1, -5.54965, -393.198, -58.6137, -0.209439, 0, 0, -0.104528, 0.994522, 600, 255, 1),
(104553, 179528, 429, 1, 1, -124.622, -234.072, -55.1133, -0.314158, 0, 0, -0.156434, 0.987688, 600, 255, 1),
(104554, 179528, 429, 1, 1, 119.36, -336.64, -4.14986, -1.44862, 0, 0, -0.662619, 0.748957, 600, 255, 1),
(104555, 179528, 429, 1, 1, -75.923, -358.893, -4.14481, 2.87979, 0, 0, 0.991445, 0.130528, 600, 255, 1),
(104556, 179528, 429, 1, 1, 41.8712, -744.931, -25.1339, 0.104719, 0, 0, 0.0523356, 0.99863, 600, 255, 1),
(104557, 179528, 429, 1, 1, 36.7851, -402.629, -4.21849, -2.49582, 0, 0, -0.948323, 0.317306, 600, 255, 1),
(104558, 179528, 429, 1, 1, -14.44, -309.911, -52.1458, 0, 0, 0, 0, 1, 600, 255, 1),
(104559, 179528, 429, 1, 1, 126.758, -296.278, -4.14639, -1.95477, 0, 0, -0.829037, 0.559194, 600, 255, 1),
(104560, 179528, 429, 1, 1, -32.8264, -463.171, -58.6176, 0.488691, 0, 0, 0.241921, 0.970296, 600, 255, 1),
(104561, 179528, 429, 1, 1, 17.3334, -704.192, -12.6426, -2.19912, 0, 0, -0.891008, 0.453988, 600, 255, 1),
(104562, 179528, 429, 1, 1, 50.4484, -241.885, -53.2931, 1.8675, 0, 0, 0.803856, 0.594824, 600, 255, 1),
(104563, 179528, 429, 1, 1, 189.484, -482.115, -100.601, 1.93731, 0, 0, 0.824125, 0.566409, 600, 255, 1),
(104564, 179528, 429, 1, 1, 423.59, 262.49, 11.1475, 0, 0, 0, 0, 1, 600, 255, 1),
(104565, 179528, 429, 1, 1, 475.207, -104.252, -3.88595, -1.32645, 0, 0, -0.615661, 0.788011, 600, 255, 1);
REPLACE INTO `gameobject` (`guid`, `id`, `map`, `spawnMask`, `phaseMask`, `position_x`, `position_y`, `position_z`, `orientation`, `rotation0`, `rotation1`, `rotation2`, `rotation3`, `spawntimesecs`, `animprogress`, `state`) VALUES
(104566, 179532, 429, 1, 1, -27.0036, -404.283, -58.614, 0.226892, 0, 0, 0.113203, 0.993572, 600, 255, 1),
(104567, 179532, 429, 1, 1, -131.851, -319.414, -56.7906, 0.244346, 0, 0, 0.121869, 0.992546, 600, 255, 1),
(104568, 179532, 429, 1, 1, -22.3061, -349.882, -4.07224, -2.02458, 0, 0, -0.848047, 0.529921, 600, 255, 1),
(104569, 179532, 429, 1, 1, -156.299, -321.1, -4.14717, 1.25664, 0, 0, 0.587786, 0.809016, 600, 255, 1),
(104570, 179532, 429, 1, 1, 31.0736, -681.584, -25.1616, 0, 0, 0, 0, 1, 600, 255, 1),
(104571, 179532, 429, 1, 1, 36.7152, -467.008, -4.24876, 1.58825, 0, 0, 0.713251, 0.700909, 600, 255, 1),
(104572, 179532, 429, 1, 1, -10.2151, -349.267, -53.8632, 2.05949, 0, 0, 0.857167, 0.515038, 600, 255, 1),
(104573, 179532, 429, 1, 1, -51.4662, -358.168, -4.13823, 1.81514, 0, 0, 0.78801, 0.615662, 600, 255, 1),
(104574, 179532, 429, 1, 1, 21.9326, -409.795, -58.6142, 0, 0, 0, 0, 1, 600, 255, 1),
(104575, 179532, 429, 1, 1, 117.148, -408.461, -3.27357, 2.32129, 0, 0, 0.91706, 0.398748, 600, 255, 1),
(104576, 179532, 429, 1, 1, 102.549, -246.011, -56.3647, 0.785397, 0, 0, 0.382683, 0.92388, 600, 255, 1),
(104577, 179532, 429, 1, 1, 263.393, -568.436, -111.976, -2.67035, 0, 0, -0.972369, 0.233447, 600, 255, 1),
(104578, 179532, 429, 1, 1, 477.125, 307.609, 2.85288, 1.74533, 0, 0, 0.766045, 0.642787, 600, 255, 1),
(104579, 179532, 429, 1, 1, 423.649, -94.0369, -3.88739, -0.453785, 0, 0, -0.224951, 0.97437, 600, 255, 1),
(104580, 179532, 429, 1, 1, 4.90084, -450.306, -58.6294, 0, 0, 0, 0, 1, 600, 255, 1),
(104581, 179532, 429, 1, 1, 71.7209, -409.745, -4.21656, 3.12412, 0, 0, 0.999962, 0.00873622, 600, 255, 1),
(104582, 179532, 429, 1, 1, -27.7882, -388.435, -4.22943, 1.39626, 0, 0, 0.642786, 0.766046, 600, 255, 1),
(104583, 179532, 429, 1, 1, -42.6484, -341.5, -52.6547, 0.244346, 0, 0, 0.121869, 0.992546, 600, 255, 1),
(104584, 179532, 429, 1, 1, 34.9096, -365.079, -4.14052, 0.314158, 0, 0, 0.156434, 0.987688, 600, 255, 1),
(104585, 179532, 429, 1, 1, -114.736, -199.653, -4.1244, 0, 0, 0, 0, 1, 600, 255, 1),
(104586, 179532, 429, 1, 1, 101.961, -247.727, -4.01977, 2.84488, 0, 0, 0.989015, 0.147813, 600, 255, 1),
(104587, 179532, 429, 1, 1, 126.702, -248.335, -4.14639, -2.72271, 0, 0, -0.978147, 0.207914, 600, 255, 1),
(104588, 179532, 429, 1, 1, 66.2358, -633.758, -25.163, 3.05433, 0, 0, 0.999048, 0.0436193, 600, 255, 1),
(104589, 179532, 429, 1, 1, -6.16094, -433.403, -4.22212, 0, 0, 0, 0, 1, 600, 255, 1),
(104590, 179532, 429, 1, 1, 2.64945, -210.379, -52.3845, -0.95993, 0, 0, -0.461748, 0.887011, 600, 255, 1),
(104591, 179532, 429, 1, 1, -168.655, -271.912, -4.12082, -0.750491, 0, 0, -0.366501, 0.930418, 600, 255, 1),
(104592, 179532, 429, 1, 1, 55.8777, -438.434, -58.5981, -0.855211, 0, 0, -0.414693, 0.909961, 600, 255, 1),
(104593, 179532, 429, 1, 1, 59.0393, -760.028, -25.0955, -1.23918, 0, 0, -0.580703, 0.814116, 600, 255, 1),
(104594, 179532, 429, 1, 1, 71.7946, -437.261, -58.5956, 0.872664, 0, 0, 0.422618, 0.906308, 600, 255, 1),
(104595, 179532, 429, 1, 1, -28.3324, -385.063, -58.6181, 1.95477, 0, 0, 0.829038, 0.559192, 600, 255, 1),
(104596, 179532, 429, 1, 1, 47.8125, -334.275, -52.0553, -0.506145, 0, 0, -0.25038, 0.968148, 600, 255, 1),
(104597, 179532, 429, 1, 1, 353.105, -447.005, -90.0577, 0, 0, 0, 0, 1, 600, 255, 1),
(104598, 179532, 429, 1, 1, 509.725, 523.927, -25.4027, -2.80997, 0, 0, -0.986285, 0.165053, 600, 255, 1),
(104599, 179532, 429, 1, 1, 456.691, -47.364, -3.88702, -1.76278, 0, 0, -0.771624, 0.636079, 600, 255, 1),
(104600, 179532, 429, 1, 1, 34.5069, -391.211, -58.6112, -2.16421, 0, 0, -0.882948, 0.469471, 600, 255, 1),
(104601, 179532, 429, 1, 1, -12.3063, -396.872, -4.22113, -0.593412, 0, 0, -0.292372, 0.956305, 600, 255, 1),
(104602, 179532, 429, 1, 1, 127.199, -272.801, -4.14639, -1.93732, 0, 0, -0.824127, 0.566404, 600, 255, 1),
(104603, 179532, 429, 1, 1, -94.2365, -406.708, -58.6073, 0, 0, 0, 0, 1, 600, 255, 1),
(104604, 179532, 429, 1, 1, -112.021, -258.887, -56.2501, 0, 0, 0, 0, 1, 600, 255, 1),
(104605, 179532, 429, 1, 1, 134.767, -262.46, -4.14639, -0.488691, 0, 0, -0.241921, 0.970296, 600, 255, 1),
(104606, 179532, 429, 1, 1, -148.661, -210.009, -4.1514, 0.418879, 0, 0, 0.207912, 0.978148, 600, 255, 1),
(104607, 179532, 429, 1, 1, 32.7576, -775.236, -25.1416, -1.309, 0, 0, -0.608763, 0.793352, 600, 255, 1),
(104608, 179532, 429, 1, 1, -109.888, -404.549, -4.21786, -2.07694, 0, 0, -0.861629, 0.507539, 600, 255, 1),
(104609, 179532, 429, 1, 1, -61.5861, -306.311, -55.7067, 2.33874, 0, 0, 0.920505, 0.390732, 600, 255, 1),
(104610, 179532, 429, 1, 1, -7.83484, -199.983, -4.12879, -0.453785, 0, 0, -0.224951, 0.97437, 600, 255, 1),
(104611, 179532, 429, 1, 1, 64.8074, -400.448, -58.6044, -0.628317, 0, 0, -0.309016, 0.951057, 600, 255, 1),
(104612, 179532, 429, 1, 1, 44.9141, -626.477, -25.1061, -2.47837, 0, 0, -0.945519, 0.325567, 600, 255, 1),
(104613, 179532, 429, 1, 1, 66.1826, -315.416, -54.2518, 0, 0, 0, 0, 1, 600, 255, 1),
(104614, 179532, 429, 1, 1, 242.178, -420.788, -119.962, -0.069812, 0, 0, -0.0348988, 0.999391, 600, 255, 1),
(104615, 179532, 429, 1, 1, 490.501, 551.961, -25.381, -0.418879, 0, 0, -0.207912, 0.978148, 600, 255, 1),
(104616, 179532, 429, 1, 1, 468.448, 258.01, 6.34532, 1.02974, 0, 0, 0.492422, 0.870357, 600, 255, 1),
(104617, 179532, 429, 1, 1, -5.54965, -393.198, -58.6137, -0.209439, 0, 0, -0.104528, 0.994522, 600, 255, 1),
(104618, 179532, 429, 1, 1, -124.622, -234.072, -55.1133, -0.314158, 0, 0, -0.156434, 0.987688, 600, 255, 1),
(104619, 179532, 429, 1, 1, 119.36, -336.64, -4.14986, -1.44862, 0, 0, -0.662619, 0.748957, 600, 255, 1),
(104620, 179532, 429, 1, 1, -75.923, -358.893, -4.14481, 2.87979, 0, 0, 0.991445, 0.130528, 600, 255, 1),
(104621, 179532, 429, 1, 1, 41.8712, -744.931, -25.1339, 0.104719, 0, 0, 0.0523356, 0.99863, 600, 255, 1),
(104622, 179532, 429, 1, 1, 36.7851, -402.629, -4.21849, -2.49582, 0, 0, -0.948323, 0.317306, 600, 255, 1),
(104623, 179532, 429, 1, 1, -14.44, -309.911, -52.1458, 0, 0, 0, 0, 1, 600, 255, 1),
(104624, 179532, 429, 1, 1, 126.758, -296.278, -4.14639, -1.95477, 0, 0, -0.829037, 0.559194, 600, 255, 1),
(104625, 179532, 429, 1, 1, -32.8264, -463.171, -58.6176, 0.488691, 0, 0, 0.241921, 0.970296, 600, 255, 1),
(104626, 179532, 429, 1, 1, 17.3334, -704.192, -12.6426, -2.19912, 0, 0, -0.891008, 0.453988, 600, 255, 1),
(104627, 179532, 429, 1, 1, 50.4484, -241.885, -53.2931, 1.8675, 0, 0, 0.803856, 0.594824, 600, 255, 1),
(104628, 179532, 429, 1, 1, 189.484, -482.115, -100.601, 1.93731, 0, 0, 0.824125, 0.566409, 600, 255, 1),
(104629, 179532, 429, 1, 1, 423.59, 262.49, 11.1475, 0, 0, 0, 0, 1, 600, 255, 1),
(104630, 179532, 429, 1, 1, 475.207, -104.252, -3.88595, -1.32645, 0, 0, -0.615661, 0.788011, 600, 255, 1);
REPLACE INTO `gameobject` (`guid`, `id`, `map`, `spawnMask`, `phaseMask`, `position_x`, `position_y`, `position_z`, `orientation`, `rotation0`, `rotation1`, `rotation2`, `rotation3`, `spawntimesecs`, `animprogress`, `state`) VALUES
(104696, 179533, 429, 1, 1, -27.0036, -404.283, -58.614, 0.226892, 0, 0, 0.113203, 0.993572, 600, 255, 1),
(104697, 179533, 429, 1, 1, -131.851, -319.414, -56.7906, 0.244346, 0, 0, 0.121869, 0.992546, 600, 255, 1),
(104698, 179533, 429, 1, 1, -22.3061, -349.882, -4.07224, -2.02458, 0, 0, -0.848047, 0.529921, 600, 255, 1),
(104699, 179533, 429, 1, 1, -156.299, -321.1, -4.14717, 1.25664, 0, 0, 0.587786, 0.809016, 600, 255, 1),
(104700, 179533, 429, 1, 1, 31.0736, -681.584, -25.1616, 0, 0, 0, 0, 1, 600, 255, 1),
(104701, 179533, 429, 1, 1, 36.7152, -467.008, -4.24876, 1.58825, 0, 0, 0.713251, 0.700909, 600, 255, 1),
(104702, 179533, 429, 1, 1, -10.2151, -349.267, -53.8632, 2.05949, 0, 0, 0.857167, 0.515038, 600, 255, 1),
(104703, 179533, 429, 1, 1, -51.4662, -358.168, -4.13823, 1.81514, 0, 0, 0.78801, 0.615662, 600, 255, 1),
(104704, 179533, 429, 1, 1, 21.9326, -409.795, -58.6142, 0, 0, 0, 0, 1, 600, 255, 1),
(104705, 179533, 429, 1, 1, 117.148, -408.461, -3.27357, 2.32129, 0, 0, 0.91706, 0.398748, 600, 255, 1),
(104706, 179533, 429, 1, 1, 102.549, -246.011, -56.3647, 0.785397, 0, 0, 0.382683, 0.92388, 600, 255, 1),
(104707, 179533, 429, 1, 1, 263.393, -568.436, -111.976, -2.67035, 0, 0, -0.972369, 0.233447, 600, 255, 1),
(104708, 179533, 429, 1, 1, 477.125, 307.609, 2.85288, 1.74533, 0, 0, 0.766045, 0.642787, 600, 255, 1),
(104709, 179533, 429, 1, 1, 423.649, -94.0369, -3.88739, -0.453785, 0, 0, -0.224951, 0.97437, 600, 255, 1),
(104710, 179533, 429, 1, 1, 4.90084, -450.306, -58.6294, 0, 0, 0, 0, 1, 600, 255, 1),
(104711, 179533, 429, 1, 1, 71.7209, -409.745, -4.21656, 3.12412, 0, 0, 0.999962, 0.00873622, 600, 255, 1),
(104712, 179533, 429, 1, 1, -27.7882, -388.435, -4.22943, 1.39626, 0, 0, 0.642786, 0.766046, 600, 255, 1),
(104713, 179533, 429, 1, 1, -42.6484, -341.5, -52.6547, 0.244346, 0, 0, 0.121869, 0.992546, 600, 255, 1),
(104714, 179533, 429, 1, 1, 34.9096, -365.079, -4.14052, 0.314158, 0, 0, 0.156434, 0.987688, 600, 255, 1),
(104715, 179533, 429, 1, 1, -114.736, -199.653, -4.1244, 0, 0, 0, 0, 1, 600, 255, 1),
(104716, 179533, 429, 1, 1, 101.961, -247.727, -4.01977, 2.84488, 0, 0, 0.989015, 0.147813, 600, 255, 1),
(104717, 179533, 429, 1, 1, 126.702, -248.335, -4.14639, -2.72271, 0, 0, -0.978147, 0.207914, 600, 255, 1),
(104718, 179533, 429, 1, 1, 66.2358, -633.758, -25.163, 3.05433, 0, 0, 0.999048, 0.0436193, 600, 255, 1),
(104719, 179533, 429, 1, 1, -6.16094, -433.403, -4.22212, 0, 0, 0, 0, 1, 600, 255, 1),
(104720, 179533, 429, 1, 1, 2.64945, -210.379, -52.3845, -0.95993, 0, 0, -0.461748, 0.887011, 600, 255, 1),
(104721, 179533, 429, 1, 1, -168.655, -271.912, -4.12082, -0.750491, 0, 0, -0.366501, 0.930418, 600, 255, 1),
(104722, 179533, 429, 1, 1, 55.8777, -438.434, -58.5981, -0.855211, 0, 0, -0.414693, 0.909961, 600, 255, 1),
(104723, 179533, 429, 1, 1, 59.0393, -760.028, -25.0955, -1.23918, 0, 0, -0.580703, 0.814116, 600, 255, 1),
(104724, 179533, 429, 1, 1, 71.7946, -437.261, -58.5956, 0.872664, 0, 0, 0.422618, 0.906308, 600, 255, 1),
(104725, 179533, 429, 1, 1, -28.3324, -385.063, -58.6181, 1.95477, 0, 0, 0.829038, 0.559192, 600, 255, 1),
(104726, 179533, 429, 1, 1, 47.8125, -334.275, -52.0553, -0.506145, 0, 0, -0.25038, 0.968148, 600, 255, 1),
(104727, 179533, 429, 1, 1, 353.105, -447.005, -90.0577, 0, 0, 0, 0, 1, 600, 255, 1),
(104728, 179533, 429, 1, 1, 509.725, 523.927, -25.4027, -2.80997, 0, 0, -0.986285, 0.165053, 600, 255, 1),
(104729, 179533, 429, 1, 1, 456.691, -47.364, -3.88702, -1.76278, 0, 0, -0.771624, 0.636079, 600, 255, 1),
(104730, 179533, 429, 1, 1, 34.5069, -391.211, -58.6112, -2.16421, 0, 0, -0.882948, 0.469471, 600, 255, 1),
(104731, 179533, 429, 1, 1, -12.3063, -396.872, -4.22113, -0.593412, 0, 0, -0.292372, 0.956305, 600, 255, 1),
(104732, 179533, 429, 1, 1, 127.199, -272.801, -4.14639, -1.93732, 0, 0, -0.824127, 0.566404, 600, 255, 1),
(104733, 179533, 429, 1, 1, -94.2365, -406.708, -58.6073, 0, 0, 0, 0, 1, 600, 255, 1),
(104734, 179533, 429, 1, 1, -112.021, -258.887, -56.2501, 0, 0, 0, 0, 1, 600, 255, 1),
(104735, 179533, 429, 1, 1, 134.767, -262.46, -4.14639, -0.488691, 0, 0, -0.241921, 0.970296, 600, 255, 1),
(104736, 179533, 429, 1, 1, -148.661, -210.009, -4.1514, 0.418879, 0, 0, 0.207912, 0.978148, 600, 255, 1),
(104737, 179533, 429, 1, 1, 32.7576, -775.236, -25.1416, -1.309, 0, 0, -0.608763, 0.793352, 600, 255, 1),
(104738, 179533, 429, 1, 1, -109.888, -404.549, -4.21786, -2.07694, 0, 0, -0.861629, 0.507539, 600, 255, 1),
(104739, 179533, 429, 1, 1, -61.5861, -306.311, -55.7067, 2.33874, 0, 0, 0.920505, 0.390732, 600, 255, 1),
(104740, 179533, 429, 1, 1, -7.83484, -199.983, -4.12879, -0.453785, 0, 0, -0.224951, 0.97437, 600, 255, 1),
(104741, 179533, 429, 1, 1, 64.8074, -400.448, -58.6044, -0.628317, 0, 0, -0.309016, 0.951057, 600, 255, 1),
(104742, 179533, 429, 1, 1, 44.9141, -626.477, -25.1061, -2.47837, 0, 0, -0.945519, 0.325567, 600, 255, 1),
(104743, 179533, 429, 1, 1, 66.1826, -315.416, -54.2518, 0, 0, 0, 0, 1, 600, 255, 1),
(104744, 179533, 429, 1, 1, 242.178, -420.788, -119.962, -0.069812, 0, 0, -0.0348988, 0.999391, 600, 255, 1),
(104745, 179533, 429, 1, 1, 490.501, 551.961, -25.381, -0.418879, 0, 0, -0.207912, 0.978148, 600, 255, 1),
(104746, 179533, 429, 1, 1, 468.448, 258.01, 6.34532, 1.02974, 0, 0, 0.492422, 0.870357, 600, 255, 1),
(104747, 179533, 429, 1, 1, -5.54965, -393.198, -58.6137, -0.209439, 0, 0, -0.104528, 0.994522, 600, 255, 1),
(104748, 179533, 429, 1, 1, -124.622, -234.072, -55.1133, -0.314158, 0, 0, -0.156434, 0.987688, 600, 255, 1),
(104749, 179533, 429, 1, 1, 119.36, -336.64, -4.14986, -1.44862, 0, 0, -0.662619, 0.748957, 600, 255, 1),
(104750, 179533, 429, 1, 1, -75.923, -358.893, -4.14481, 2.87979, 0, 0, 0.991445, 0.130528, 600, 255, 1),
(104751, 179533, 429, 1, 1, 41.8712, -744.931, -25.1339, 0.104719, 0, 0, 0.0523356, 0.99863, 600, 255, 1),
(104752, 179533, 429, 1, 1, 36.7851, -402.629, -4.21849, -2.49582, 0, 0, -0.948323, 0.317306, 600, 255, 1),
(104753, 179533, 429, 1, 1, -14.44, -309.911, -52.1458, 0, 0, 0, 0, 1, 600, 255, 1),
(104754, 179533, 429, 1, 1, 126.758, -296.278, -4.14639, -1.95477, 0, 0, -0.829037, 0.559194, 600, 255, 1),
(104755, 179533, 429, 1, 1, -32.8264, -463.171, -58.6176, 0.488691, 0, 0, 0.241921, 0.970296, 600, 255, 1),
(104756, 179533, 429, 1, 1, 17.3334, -704.192, -12.6426, -2.19912, 0, 0, -0.891008, 0.453988, 600, 255, 1),
(104757, 179533, 429, 1, 1, 50.4484, -241.885, -53.2931, 1.8675, 0, 0, 0.803856, 0.594824, 600, 255, 1),
(104758, 179533, 429, 1, 1, 189.484, -482.115, -100.601, 1.93731, 0, 0, 0.824125, 0.566409, 600, 255, 1),
(104759, 179533, 429, 1, 1, 423.59, 262.49, 11.1475, 0, 0, 0, 0, 1, 600, 255, 1),
(104760, 179533, 429, 1, 1, 475.207, -104.252, -3.88595, -1.32645, 0, 0, -0.615661, 0.788011, 600, 255, 1);
#
REPLACE INTO `pool_gameobject` (`guid`, `pool_entry`, `chance`, `description`) VALUES
(104721, 14207, 0, 'Warpwood Pod 1'),(104591, 14207, 0, 'Warpwood Pod 2'),(104526, 14207, 0, 'Warpwood Pod 3'),(48785, 14207, 0, 'Warpwood Pod 4'),
(104699, 14208, 0, 'Warpwood Pod 1'),(104504, 14208, 0, 'Warpwood Pod 2'),(104569, 14208, 0, 'Warpwood Pod 3'),(48763, 14208, 0, 'Warpwood Pod 4'),
(104736, 14209, 0, 'Warpwood Pod 1'),(104541, 14209, 0, 'Warpwood Pod 2'),(104606, 14209, 0, 'Warpwood Pod 3'),(48800, 14209, 0, 'Warpwood Pod 4'),
(104697, 14210, 0, 'Warpwood Pod 1'),(104567, 14210, 0, 'Warpwood Pod 2'),(48761, 14210, 0, 'Warpwood Pod 3'),(104502, 14210, 0, 'Warpwood Pod 4'),
(48812, 14211, 0, 'Warpwood Pod 1'),(104748, 14211, 0, 'Warpwood Pod 2'),(104553, 14211, 0, 'Warpwood Pod 3'),(104618, 14211, 0, 'Warpwood Pod 4'),
(104585, 14212, 0, 'Warpwood Pod 1'),(48779, 14212, 0, 'Warpwood Pod 2'),(104715, 14212, 0, 'Warpwood Pod 3'),(104520, 14212, 0, 'Warpwood Pod 4'),
(104734, 14213, 0, 'Warpwood Pod 1'),(48798, 14213, 0, 'Warpwood Pod 2'),(104539, 14213, 0, 'Warpwood Pod 3'),(104604, 14213, 0, 'Warpwood Pod 4'),
(48802, 14214, 0, 'Warpwood Pod 1'),(104738, 14214, 0, 'Warpwood Pod 2'),(104543, 14214, 0, 'Warpwood Pod 3'),(104608, 14214, 0, 'Warpwood Pod 4'),
(48797, 14215, 0, 'Warpwood Pod 1'),(104538, 14215, 0, 'Warpwood Pod 2'),(104603, 14215, 0, 'Warpwood Pod 3'),(104733, 14215, 0, 'Warpwood Pod 4'),
(104750, 14216, 0, 'Warpwood Pod 1'),(104620, 14216, 0, 'Warpwood Pod 2'),(104555, 14216, 0, 'Warpwood Pod 3'),(48814, 14216, 0, 'Warpwood Pod 4'),
(104739, 14217, 0, 'Warpwood Pod 1'),(48803, 14217, 0, 'Warpwood Pod 2'),(104609, 14217, 0, 'Warpwood Pod 3'),(104544, 14217, 0, 'Warpwood Pod 4'),
(104573, 14218, 0, 'Warpwood Pod 1'),(104703, 14218, 0, 'Warpwood Pod 2'),(48767, 14218, 0, 'Warpwood Pod 3'),(104508, 14218, 0, 'Warpwood Pod 4'),
(104583, 14219, 0, 'Warpwood Pod 1'),(104713, 14219, 0, 'Warpwood Pod 2'),(104518, 14219, 0, 'Warpwood Pod 3'),(48777, 14219, 0, 'Warpwood Pod 4'),
(104625, 14220, 0, 'Warpwood Pod 1'),(104755, 14220, 0, 'Warpwood Pod 2'),(104560, 14220, 0, 'Warpwood Pod 3'),(7694, 14220, 0, 'Warpwood Pod 4'),
(104595, 14221, 0, 'Warpwood Pod 1'),(48789, 14221, 0, 'Warpwood Pod 2'),(104530, 14221, 0, 'Warpwood Pod 3'),(104725, 14221, 0, 'Warpwood Pod 4'),
(48776, 14222, 0, 'Warpwood Pod 1'),(104517, 14222, 0, 'Warpwood Pod 2'),(104712, 14222, 0, 'Warpwood Pod 3'),(104582, 14222, 0, 'Warpwood Pod 4'),
(104696, 14223, 0, 'Warpwood Pod 1'),(48760, 14223, 0, 'Warpwood Pod 2'),(104566, 14223, 0, 'Warpwood Pod 3'),(104501, 14223, 0, 'Warpwood Pod 4'),
(104503, 14224, 0, 'Warpwood Pod 1'),(48762, 14224, 0, 'Warpwood Pod 2'),(104698, 14224, 0, 'Warpwood Pod 3'),(104568, 14224, 0, 'Warpwood Pod 4'),
(104623, 14225, 0, 'Warpwood Pod 1'),(7689, 14225, 0, 'Warpwood Pod 2'),(104753, 14225, 0, 'Warpwood Pod 3'),(104558, 14225, 0, 'Warpwood Pod 4'),
(48795, 14226, 0, 'Warpwood Pod 1'),(104731, 14226, 0, 'Warpwood Pod 2'),(104536, 14226, 0, 'Warpwood Pod 3'),(104601, 14226, 0, 'Warpwood Pod 4'),
(48766, 14227, 0, 'Warpwood Pod 1'),(104702, 14227, 0, 'Warpwood Pod 2'),(104572, 14227, 0, 'Warpwood Pod 3'),(104507, 14227, 0, 'Warpwood Pod 4'),
(104545, 14228, 0, 'Warpwood Pod 1'),(48804, 14228, 0, 'Warpwood Pod 2'),(104610, 14228, 0, 'Warpwood Pod 3'),(104740, 14228, 0, 'Warpwood Pod 4'),
(104719, 14229, 0, 'Warpwood Pod 1'),(48783, 14229, 0, 'Warpwood Pod 2'),(104524, 14229, 0, 'Warpwood Pod 3'),(104589, 14229, 0, 'Warpwood Pod 4'),
(48811, 14230, 0, 'Warpwood Pod 1'),(104747, 14230, 0, 'Warpwood Pod 2'),(104617, 14230, 0, 'Warpwood Pod 3'),(104552, 14230, 0, 'Warpwood Pod 4'),
(48784, 14231, 0, 'Warpwood Pod 1'),(104720, 14231, 0, 'Warpwood Pod 2'),(104525, 14231, 0, 'Warpwood Pod 3'),(104590, 14231, 0, 'Warpwood Pod 4'),
(104580, 14232, 0, 'Warpwood Pod 1'),(48774, 14232, 0, 'Warpwood Pod 2'),(104710, 14232, 0, 'Warpwood Pod 3'),(104515, 14232, 0, 'Warpwood Pod 4'),
(104626, 14233, 0, 'Warpwood Pod 1'),(104561, 14233, 0, 'Warpwood Pod 2'),(104756, 14233, 0, 'Warpwood Pod 3'),(7695, 14233, 0, 'Warpwood Pod 4'),
(48768, 14234, 0, 'Warpwood Pod 1'),(104509, 14234, 0, 'Warpwood Pod 2'),(104574, 14234, 0, 'Warpwood Pod 3'),(104704, 14234, 0, 'Warpwood Pod 4'),
(104505, 14235, 0, 'Warpwood Pod 1'),(104570, 14235, 0, 'Warpwood Pod 2'),(48764, 14235, 0, 'Warpwood Pod 3'),(104700, 14235, 0, 'Warpwood Pod 4'),
(104737, 14236, 0, 'Warpwood Pod 1'),(104607, 14236, 0, 'Warpwood Pod 2'),(48801, 14236, 0, 'Warpwood Pod 3'),(104542, 14236, 0, 'Warpwood Pod 4'),
(48794, 14237, 0, 'Warpwood Pod 1'),(104535, 14237, 0, 'Warpwood Pod 2'),(104730, 14237, 0, 'Warpwood Pod 3'),(104600, 14237, 0, 'Warpwood Pod 4'),
(48778, 14238, 0, 'Warpwood Pod 1'),(104519, 14238, 0, 'Warpwood Pod 2'),(104584, 14238, 0, 'Warpwood Pod 3'),(104714, 14238, 0, 'Warpwood Pod 4'),
(48765, 14239, 0, 'Warpwood Pod 1'),(104571, 14239, 0, 'Warpwood Pod 2'),(104701, 14239, 0, 'Warpwood Pod 3'),(104506, 14239, 0, 'Warpwood Pod 4'),
(104622, 14240, 0, 'Warpwood Pod 1'),(104752, 14240, 0, 'Warpwood Pod 2'),(104557, 14240, 0, 'Warpwood Pod 3'),(7688, 14240, 0, 'Warpwood Pod 4'),
(48815, 14241, 0, 'Warpwood Pod 1'),(104621, 14241, 0, 'Warpwood Pod 2'),(104556, 14241, 0, 'Warpwood Pod 3'),(104751, 14241, 0, 'Warpwood Pod 4'),
(48806, 14242, 0, 'Warpwood Pod 1'),(104742, 14242, 0, 'Warpwood Pod 2'),(104612, 14242, 0, 'Warpwood Pod 3'),(104547, 14242, 0, 'Warpwood Pod 4'),
(104531, 14243, 0, 'Warpwood Pod 1'),(104726, 14243, 0, 'Warpwood Pod 2'),(48790, 14243, 0, 'Warpwood Pod 3'),(104596, 14243, 0, 'Warpwood Pod 4'),
(104757, 14244, 0, 'Warpwood Pod 1'),(7698, 14244, 0, 'Warpwood Pod 2'),(104627, 14244, 0, 'Warpwood Pod 3'),(104562, 14244, 0, 'Warpwood Pod 4'),
(104722, 14245, 0, 'Warpwood Pod 1'),(104592, 14245, 0, 'Warpwood Pod 2'),(104527, 14245, 0, 'Warpwood Pod 3'),(48786, 14245, 0, 'Warpwood Pod 4'),
(104723, 14246, 0, 'Warpwood Pod 1'),(104593, 14246, 0, 'Warpwood Pod 2'),(48787, 14246, 0, 'Warpwood Pod 3'),(104528, 14246, 0, 'Warpwood Pod 4'),
(104611, 14247, 0, 'Warpwood Pod 1'),(104741, 14247, 0, 'Warpwood Pod 2'),(104546, 14247, 0, 'Warpwood Pod 3'),(48805, 14247, 0, 'Warpwood Pod 4'),
(104613, 14248, 0, 'Warpwood Pod 1'),(104548, 14248, 0, 'Warpwood Pod 2'),(48807, 14248, 0, 'Warpwood Pod 3'),(104743, 14248, 0, 'Warpwood Pod 4'),
(48782, 14249, 0, 'Warpwood Pod 1'),(104588, 14249, 0, 'Warpwood Pod 2'),(104523, 14249, 0, 'Warpwood Pod 3'),(104718, 14249, 0, 'Warpwood Pod 4'),
(104581, 14250, 0, 'Warpwood Pod 1'),(104711, 14250, 0, 'Warpwood Pod 2'),(104516, 14250, 0, 'Warpwood Pod 3'),(48775, 14250, 0, 'Warpwood Pod 4'),
(104594, 14251, 0, 'Warpwood Pod 1'),(104529, 14251, 0, 'Warpwood Pod 2'),(48788, 14251, 0, 'Warpwood Pod 3'),(104724, 14251, 0, 'Warpwood Pod 4'),
(104521, 14252, 0, 'Warpwood Pod 1'),(48780, 14252, 0, 'Warpwood Pod 2'),(104586, 14252, 0, 'Warpwood Pod 3'),(104716, 14252, 0, 'Warpwood Pod 4'),
(104706, 14253, 0, 'Warpwood Pod 1'),(104576, 14253, 0, 'Warpwood Pod 2'),(104511, 14253, 0, 'Warpwood Pod 3'),(48770, 14253, 0, 'Warpwood Pod 4'),
(104510, 14254, 0, 'Warpwood Pod 1'),(104705, 14254, 0, 'Warpwood Pod 2'),(48769, 14254, 0, 'Warpwood Pod 3'),(104575, 14254, 0, 'Warpwood Pod 4'),
(104554, 14255, 0, 'Warpwood Pod 1'),(104619, 14255, 0, 'Warpwood Pod 2'),(104749, 14255, 0, 'Warpwood Pod 3'),(48813, 14255, 0, 'Warpwood Pod 4'),
(48781, 14256, 0, 'Warpwood Pod 1'),(104717, 14256, 0, 'Warpwood Pod 2'),(104522, 14256, 0, 'Warpwood Pod 3'),(104587, 14256, 0, 'Warpwood Pod 4'),
(104559, 14257, 0, 'Warpwood Pod 1'),(7692, 14257, 0, 'Warpwood Pod 2'),(104624, 14257, 0, 'Warpwood Pod 3'),(104754, 14257, 0, 'Warpwood Pod 4'),
(104602, 14258, 0, 'Warpwood Pod 1'),(104732, 14258, 0, 'Warpwood Pod 2'),(104537, 14258, 0, 'Warpwood Pod 3'),(48796, 14258, 0, 'Warpwood Pod 4'),
(104540, 14259, 0, 'Warpwood Pod 1'),(104735, 14259, 0, 'Warpwood Pod 2'),(48799, 14259, 0, 'Warpwood Pod 3'),(104605, 14259, 0, 'Warpwood Pod 4'),
(104563, 14260, 0, 'Warpwood Pod 1'),(7699, 14260, 0, 'Warpwood Pod 2'),(104758, 14260, 0, 'Warpwood Pod 3'),(104628, 14260, 0, 'Warpwood Pod 4'),
(48808, 14261, 0, 'Warpwood Pod 1'),(104744, 14261, 0, 'Warpwood Pod 2'),(104549, 14261, 0, 'Warpwood Pod 3'),(104614, 14261, 0, 'Warpwood Pod 4'),
(104707, 14262, 0, 'Warpwood Pod 1'),(104512, 14262, 0, 'Warpwood Pod 2'),(104577, 14262, 0, 'Warpwood Pod 3'),(48771, 14262, 0, 'Warpwood Pod 4'),
(104727, 14263, 0, 'Warpwood Pod 1'),(104532, 14263, 0, 'Warpwood Pod 2'),(104597, 14263, 0, 'Warpwood Pod 3'),(48791, 14263, 0, 'Warpwood Pod 4'),
(104759, 14264, 0, 'Warpwood Pod 1'),(104629, 14264, 0, 'Warpwood Pod 2'),(104564, 14264, 0, 'Warpwood Pod 3'),(7700, 14264, 0, 'Warpwood Pod 4'),
(104579, 14265, 0, 'Warpwood Pod 1'),(104709, 14265, 0, 'Warpwood Pod 2'),(104514, 14265, 0, 'Warpwood Pod 3'),(48773, 14265, 0, 'Warpwood Pod 4'),
(48793, 14266, 0, 'Warpwood Pod 1'),(104534, 14266, 0, 'Warpwood Pod 2'),(104599, 14266, 0, 'Warpwood Pod 3'),(104729, 14266, 0, 'Warpwood Pod 4'),
(104746, 14267, 0, 'Warpwood Pod 1'),(48810, 14267, 0, 'Warpwood Pod 2'),(104616, 14267, 0, 'Warpwood Pod 3'),(104551, 14267, 0, 'Warpwood Pod 4'),
(104565, 14268, 0, 'Warpwood Pod 1'),(104760, 14268, 0, 'Warpwood Pod 2'),(104630, 14268, 0, 'Warpwood Pod 3'),(7704, 14268, 0, 'Warpwood Pod 4'),
(104708, 14269, 0, 'Warpwood Pod 1'),(48772, 14269, 0, 'Warpwood Pod 2'),(104578, 14269, 0, 'Warpwood Pod 3'),(104513, 14269, 0, 'Warpwood Pod 4'),
(48809, 14270, 0, 'Warpwood Pod 1'),(104550, 14270, 0, 'Warpwood Pod 2'),(104745, 14270, 0, 'Warpwood Pod 3'),(104615, 14270, 0, 'Warpwood Pod 4'),
(104533, 14271, 0, 'Warpwood Pod 1'),(48792, 14271, 0, 'Warpwood Pod 2'),(104598, 14271, 0, 'Warpwood Pod 3'),(104728, 14271, 0, 'Warpwood Pod 4');
#
REPLACE INTO `pool_template` (`entry`, `max_limit`, `description`) VALUES
(14207,1,'Warpwood Pod 1+2+3+4'),
(14208,1,'Warpwood Pod 1+2+3+4'),
(14209,1,'Warpwood Pod 1+2+3+4'),
(14210,1,'Warpwood Pod 1+2+3+4'),
(14211,1,'Warpwood Pod 1+2+3+4'),
(14212,1,'Warpwood Pod 1+2+3+4'),
(14213,1,'Warpwood Pod 1+2+3+4'),
(14214,1,'Warpwood Pod 1+2+3+4'),
(14215,1,'Warpwood Pod 1+2+3+4'),
(14216,1,'Warpwood Pod 1+2+3+4'),
(14217,1,'Warpwood Pod 1+2+3+4'),
(14218,1,'Warpwood Pod 1+2+3+4'),
(14219,1,'Warpwood Pod 1+2+3+4'),
(14220,1,'Warpwood Pod 1+2+3+4'),
(14221,1,'Warpwood Pod 1+2+3+4'),
(14222,1,'Warpwood Pod 1+2+3+4'),
(14223,1,'Warpwood Pod 1+2+3+4'),
(14224,1,'Warpwood Pod 1+2+3+4'),
(14225,1,'Warpwood Pod 1+2+3+4'),
(14226,1,'Warpwood Pod 1+2+3+4'),
(14227,1,'Warpwood Pod 1+2+3+4'),
(14228,1,'Warpwood Pod 1+2+3+4'),
(14229,1,'Warpwood Pod 1+2+3+4'),
(14230,1,'Warpwood Pod 1+2+3+4'),
(14231,1,'Warpwood Pod 1+2+3+4'),
(14232,1,'Warpwood Pod 1+2+3+4'),
(14233,1,'Warpwood Pod 1+2+3+4'),
(14234,1,'Warpwood Pod 1+2+3+4'),
(14235,1,'Warpwood Pod 1+2+3+4'),
(14236,1,'Warpwood Pod 1+2+3+4'),
(14237,1,'Warpwood Pod 1+2+3+4'),
(14238,1,'Warpwood Pod 1+2+3+4'),
(14239,1,'Warpwood Pod 1+2+3+4'),
(14240,1,'Warpwood Pod 1+2+3+4'),
(14241,1,'Warpwood Pod 1+2+3+4'),
(14242,1,'Warpwood Pod 1+2+3+4'),
(14243,1,'Warpwood Pod 1+2+3+4'),
(14244,1,'Warpwood Pod 1+2+3+4'),
(14245,1,'Warpwood Pod 1+2+3+4'),
(14246,1,'Warpwood Pod 1+2+3+4'),
(14247,1,'Warpwood Pod 1+2+3+4'),
(14248,1,'Warpwood Pod 1+2+3+4'),
(14249,1,'Warpwood Pod 1+2+3+4'),
(14250,1,'Warpwood Pod 1+2+3+4'),
(14251,1,'Warpwood Pod 1+2+3+4'),
(14252,1,'Warpwood Pod 1+2+3+4'),
(14253,1,'Warpwood Pod 1+2+3+4'),
(14254,1,'Warpwood Pod 1+2+3+4'),
(14255,1,'Warpwood Pod 1+2+3+4'),
(14256,1,'Warpwood Pod 1+2+3+4'),
(14257,1,'Warpwood Pod 1+2+3+4'),
(14258,1,'Warpwood Pod 1+2+3+4'),
(14259,1,'Warpwood Pod 1+2+3+4'),
(14260,1,'Warpwood Pod 1+2+3+4'),
(14261,1,'Warpwood Pod 1+2+3+4'),
(14262,1,'Warpwood Pod 1+2+3+4'),
(14263,1,'Warpwood Pod 1+2+3+4'),
(14264,1,'Warpwood Pod 1+2+3+4'),
(14265,1,'Warpwood Pod 1+2+3+4'),
(14266,1,'Warpwood Pod 1+2+3+4'),
(14267,1,'Warpwood Pod 1+2+3+4'),
(14268,1,'Warpwood Pod 1+2+3+4'),
(14269,1,'Warpwood Pod 1+2+3+4'),
(14270,1,'Warpwood Pod 1+2+3+4'),
(14271,1,'Warpwood Pod 1+2+3+4'),
(14272,25,'Warpwood Pod 1+2+3+4 Master');
REPLACE INTO `pool_pool` (`pool_id`, `mother_pool`, `chance`, `description`) VALUES
(14207,14272,0,'Warpwood Pod 1+2+3+4'),
(14208,14272,0,'Warpwood Pod 1+2+3+4'),
(14209,14272,0,'Warpwood Pod 1+2+3+4'),
(14210,14272,0,'Warpwood Pod 1+2+3+4'),
(14211,14272,0,'Warpwood Pod 1+2+3+4'),
(14212,14272,0,'Warpwood Pod 1+2+3+4'),
(14213,14272,0,'Warpwood Pod 1+2+3+4'),
(14214,14272,0,'Warpwood Pod 1+2+3+4'),
(14215,14272,0,'Warpwood Pod 1+2+3+4'),
(14216,14272,0,'Warpwood Pod 1+2+3+4'),
(14217,14272,0,'Warpwood Pod 1+2+3+4'),
(14218,14272,0,'Warpwood Pod 1+2+3+4'),
(14219,14272,0,'Warpwood Pod 1+2+3+4'),
(14220,14272,0,'Warpwood Pod 1+2+3+4'),
(14221,14272,0,'Warpwood Pod 1+2+3+4'),
(14222,14272,0,'Warpwood Pod 1+2+3+4'),
(14223,14272,0,'Warpwood Pod 1+2+3+4'),
(14224,14272,0,'Warpwood Pod 1+2+3+4'),
(14225,14272,0,'Warpwood Pod 1+2+3+4'),
(14226,14272,0,'Warpwood Pod 1+2+3+4'),
(14227,14272,0,'Warpwood Pod 1+2+3+4'),
(14228,14272,0,'Warpwood Pod 1+2+3+4'),
(14229,14272,0,'Warpwood Pod 1+2+3+4'),
(14230,14272,0,'Warpwood Pod 1+2+3+4'),
(14231,14272,0,'Warpwood Pod 1+2+3+4'),
(14232,14272,0,'Warpwood Pod 1+2+3+4'),
(14233,14272,0,'Warpwood Pod 1+2+3+4'),
(14234,14272,0,'Warpwood Pod 1+2+3+4'),
(14235,14272,0,'Warpwood Pod 1+2+3+4'),
(14236,14272,0,'Warpwood Pod 1+2+3+4'),
(14237,14272,0,'Warpwood Pod 1+2+3+4'),
(14238,14272,0,'Warpwood Pod 1+2+3+4'),
(14239,14272,0,'Warpwood Pod 1+2+3+4'),
(14240,14272,0,'Warpwood Pod 1+2+3+4'),
(14241,14272,0,'Warpwood Pod 1+2+3+4'),
(14242,14272,0,'Warpwood Pod 1+2+3+4'),
(14243,14272,0,'Warpwood Pod 1+2+3+4'),
(14244,14272,0,'Warpwood Pod 1+2+3+4'),
(14245,14272,0,'Warpwood Pod 1+2+3+4'),
(14246,14272,0,'Warpwood Pod 1+2+3+4'),
(14247,14272,0,'Warpwood Pod 1+2+3+4'),
(14248,14272,0,'Warpwood Pod 1+2+3+4'),
(14249,14272,0,'Warpwood Pod 1+2+3+4'),
(14250,14272,0,'Warpwood Pod 1+2+3+4'),
(14251,14272,0,'Warpwood Pod 1+2+3+4'),
(14252,14272,0,'Warpwood Pod 1+2+3+4'),
(14253,14272,0,'Warpwood Pod 1+2+3+4'),
(14254,14272,0,'Warpwood Pod 1+2+3+4'),
(14255,14272,0,'Warpwood Pod 1+2+3+4'),
(14256,14272,0,'Warpwood Pod 1+2+3+4'),
(14257,14272,0,'Warpwood Pod 1+2+3+4'),
(14258,14272,0,'Warpwood Pod 1+2+3+4'),
(14259,14272,0,'Warpwood Pod 1+2+3+4'),
(14260,14272,0,'Warpwood Pod 1+2+3+4'),
(14261,14272,0,'Warpwood Pod 1+2+3+4'),
(14262,14272,0,'Warpwood Pod 1+2+3+4'),
(14263,14272,0,'Warpwood Pod 1+2+3+4'),
(14264,14272,0,'Warpwood Pod 1+2+3+4'),
(14265,14272,0,'Warpwood Pod 1+2+3+4'),
(14266,14272,0,'Warpwood Pod 1+2+3+4'),
(14267,14272,0,'Warpwood Pod 1+2+3+4'),
(14268,14272,0,'Warpwood Pod 1+2+3+4'),
(14269,14272,0,'Warpwood Pod 1+2+3+4'),
(14270,14272,0,'Warpwood Pod 1+2+3+4'),
(14271,14272,0,'Warpwood Pod 1+2+3+4');
DELETE FROM `gameobject` WHERE `id` = 184980;
REPLACE INTO `gameobject_template` (`entry`, `type`, `displayId`, `name`, `IconName`, `castBarCaption`, `unk1`, `faction`, `flags`, `size`, `questItem1`, `questItem2`, `questItem3`, `questItem4`, `questItem5`, `questItem6`, `data0`, `data1`, `data2`, `data3`, `data4`, `data5`, `data6`, `data7`, `data8`, `data9`, `data10`, `data11`, `data12`, `data13`, `data14`, `data15`, `data16`, `data17`, `data18`, `data19`, `data20`, `data21`, `data22`, `data23`, `mingold`, `maxgold`, `ScriptName`) VALUES
(184981, 6, 1287, 'TEMP Felhound Poo Trap', '', '', '', 0, 0, 1, 0, 0, 0, 0, 0, 0, 0, 0, 0, 37695, 1, 0, 0, 0, 0, 0, 0, 0, 0, 0, 0, 0, 0, 0, 0, 0, 0, 0, 0, 0, 0, 0, '');
UPDATE `gameobject_loot_template` SET `ChanceOrQuestChance`='0', `groupid`='1' WHERE `entry`=184980 AND `item`=5369;
UPDATE `gameobject_loot_template` SET `ChanceOrQuestChance`='0', `groupid`='1' WHERE `entry`=184980 AND `item`=6456;
DELETE FROM `creature_loot_template` WHERE `entry` = 21627;
UPDATE `creature_template` SET `lootid`='0' WHERE `entry`=21627;
UPDATE `creature_loot_template` SET `ChanceOrQuestChance`='-10' WHERE `entry`=19792 AND `item`=31316;
DELETE FROM `gameobject_loot_template` WHERE `entry` = 178584;
UPDATE `gameobject_template` SET `data1`='0' WHERE `entry`=178584;
#  ,      ,   17534   ,     .)))
REPLACE INTO `gameobject_template` (`entry`, `type`, `displayId`, `name`, `IconName`, `castBarCaption`, `unk1`, `faction`, `flags`, `size`, `questItem1`, `questItem2`, `questItem3`, `questItem4`, `questItem5`, `questItem6`, `data0`, `data1`, `data2`, `data3`, `data4`, `data5`, `data6`, `data7`, `data8`, `data9`, `data10`, `data11`, `data12`, `data13`, `data14`, `data15`, `data16`, `data17`, `data18`, `data19`, `data20`, `data21`, `data22`, `data23`, `mingold`, `maxgold`, `ScriptName`) VALUES
(178644, 6, 1287, 'TEMP Ryson''s All Seeing Eye Trap', '', '', '', 0, 0, 1, 0, 0, 0, 0, 0, 0, 0, 0, 0, 21546, 1, 0, 0, 0, 0, 0, 0, 0, 0, 0, 0, 0, 0, 0, 0, 0, 0, 0, 0, 0, 0, 0, '');
DELETE FROM `creature` WHERE `guid` = 22531;
REPLACE INTO `creature_template_addon` (`entry`, `mount`, `bytes1`, `b2_0_sheath`, `b2_1_pvp_state`, `emote`, `moveflags`, `auras`) VALUES ('7785', '0', '0', '1', '0', '0', '0', '11087');
UPDATE `gameobject_loot_template` SET `ChanceOrQuestChance`='0', `groupid`='1' WHERE `entry`=128308 AND `item`=9332;
UPDATE `gameobject_loot_template` SET `ChanceOrQuestChance`='0', `groupid`='1' WHERE `entry`=128308 AND `item`=9333;
UPDATE `gameobject_loot_template` SET `ChanceOrQuestChance`='0', `groupid`='1' WHERE `entry`=128308 AND `item`=9334;
UPDATE `gameobject_loot_template` SET `ChanceOrQuestChance`='0', `groupid`='1' WHERE `entry`=128308 AND `item`=9335;
UPDATE `gameobject_loot_template` SET `ChanceOrQuestChance`='0', `groupid`='1' WHERE `entry`=128308 AND `item`=9336;
REPLACE INTO `gameobject_template` (`entry`, `type`, `displayId`, `name`, `IconName`, `castBarCaption`, `unk1`, `faction`, `flags`, `size`, `questItem1`, `questItem2`, `questItem3`, `questItem4`, `questItem5`, `questItem6`, `data0`, `data1`, `data2`, `data3`, `data4`, `data5`, `data6`, `data7`, `data8`, `data9`, `data10`, `data11`, `data12`, `data13`, `data14`, `data15`, `data16`, `data17`, `data18`, `data19`, `data20`, `data21`, `data22`, `data23`, `mingold`, `maxgold`, `ScriptName`) VALUES
(128972, 6, 1287, 'TEMP Shallow Grave Trap', '', '', '', 0, 0, 1, 0, 0, 0, 0, 0, 0, 0, 0, 0, 10247, 1, 0, 0, 0, 0, 0, 0, 0, 0, 0, 0, 0, 0, 0, 0, 0, 0, 0, 0, 0, 0, 0, '');
DELETE FROM `creature` WHERE `id` in (7286,7276);
DELETE FROM `creature_loot_template` WHERE `item` in (9332,9333,9334,9335,9336);
UPDATE `gameobject_template` SET `data1`='128308' WHERE `entry`=128403;
DELETE FROM `gameobject_loot_template` WHERE `entry` = 128403;
UPDATE `creature_loot_template` SET `ChanceOrQuestChance`='1' WHERE `item`=8623;
UPDATE `gameobject_loot_template` SET `ChanceOrQuestChance` = '5' WHERE `entry` = 128308 AND `item` = 1645;
UPDATE `gameobject_loot_template` SET `ChanceOrQuestChance` = '1' WHERE `entry` = 128308 AND `item` = 3928;
UPDATE `gameobject_loot_template` SET `ChanceOrQuestChance` = '15', `maxcount` = '5' WHERE `entry` = 128308 AND `item` = 4306;
UPDATE `gameobject_loot_template` SET `ChanceOrQuestChance` = '30', `maxcount` = '5' WHERE `entry` = 128308 AND `item` = 4338;
UPDATE `gameobject_loot_template` SET `ChanceOrQuestChance` = '5' WHERE `entry` = 128308 AND `item` = 4599;
UPDATE `gameobject_loot_template` SET `ChanceOrQuestChance` = '1' WHERE `entry` = 128308 AND `item` = 6149;
DELETE FROM `gameobject_loot_template` WHERE `entry` = 128308 AND `item` = 4419;
REPLACE INTO `gameobject` (`guid`, `id`, `map`, `spawnMask`, `phaseMask`, `position_x`, `position_y`, `position_z`, `orientation`, `rotation0`, `rotation1`, `rotation2`, `rotation3`, `spawntimesecs`, `animprogress`, `state`) VALUES
(104826, 128972, 209, 1, 1, 1832.72, 1032.39, 9.45168, 0.575959, 0, 0, 0.284016, 0.95882, 600, 100, 1),
(104827, 128972, 209, 1, 1, 1836.74, 1028.08, 9.2729, 2.275, 0, 0, 0.907587, 0.419865, 600, 100, 1),
(104828, 128972, 209, 1, 1, 1839.18, 1036.88, 9.35239, -1.67552, 0, 0, -0.743146, 0.669129, 600, 100, 1),
(104829, 128972, 209, 1, 1, 1839.42, 1023.49, 9.56256, 2.98451, 0, 0, 0.996917, 0.0784606, 600, 100, 1),
(104830, 128972, 209, 1, 1, 1839.44, 1045.26, 9.55093, 4.28484, 0, 0, 0.841024, -0.540998, 600, 100, 1),
(104831, 128972, 209, 1, 1, 1840.49, 1034.35, 9.00595, 1.05764, 0, 0, 0.504515, 0.863403, 600, 100, 1),
(104832, 128972, 209, 1, 1, 1841.08, 1045.54, 9.21622, 3.05433, 0, 0, 0.999048, 0.0436174, 600, 100, 1),
(104833, 128972, 209, 1, 1, 1841.82, 1027.76, 9.15097, 0.959931, 0, 0, 0.461749, 0.887011, 600, 100, 1),
(104834, 128972, 209, 1, 1, 1843.19, 1041.16, 8.87679, -0.401426, 0, 0, -0.199368, 0.979925, 600, 100, 1),
(104835, 128972, 209, 1, 1, 1843.37, 1028.02, 9.11219, 5.70327, 0, 0, 0.285912, -0.958256, 600, 100, 1),
(104836, 128972, 209, 1, 1, 1844.18, 1044.92, 8.91256, 1.26262, 0, 0, 0.590203, 0.807255, 600, 100, 1),
(104837, 128972, 209, 1, 1, 1845.51, 1021.77, 9.07264, 6.01036, 0, 0, 0.13599, -0.99071, 600, 100, 1),
(104838, 128972, 209, 1, 1, 1845.54, 1024.12, 9.07972, 0.977384, 0, 0, 0.469471, 0.882948, 600, 100, 1),
(104839, 128972, 209, 1, 1, 1845.96, 1047.25, 8.87679, -0.453786, 0, 0, -0.224951, 0.97437, 600, 100, 1),
(104840, 128972, 209, 1, 1, 1852.41, 1024.78, 8.87679, -2.49582, 0, 0, -0.948324, 0.317305, 600, 100, 1),
(104841, 128972, 209, 1, 1, 1853.9, 1023.69, 8.87707, 3.02349, 0, 0, 0.998257, 0.059017, 600, 100, 1),
(104842, 128972, 209, 1, 1, 1858.7, 1053.75, 8.87679, -2.74017, 0, 0, -0.979925, 0.199366, 600, 100, 1),
(104843, 128972, 209, 1, 1, 1861.12, 1019.39, 8.87679, -1.18682, 0, 0, -0.559191, 0.829039, 600, 100, 1),
(104844, 128972, 209, 1, 1, 1862.12, 1050.76, 9.05665, -2.3911, 0, 0, -0.930417, 0.366502, 600, 100, 1),
(104845, 128972, 209, 1, 1, 1862.46, 1053.91, 9.71641, 5.77003, 0, 0, 0.253772, -0.967264, 600, 100, 1),
(104846, 128972, 209, 1, 1, 1863.22, 1018.34, 8.87702, 5.61844, 0, 0, 0.326287, -0.945271, 600, 100, 1),
(104847, 128972, 209, 1, 1, 1865.03, 1012.49, 8.8768, 1.0472, 0, 0, 0.500001, 0.866025, 600, 100, 1),
(104848, 128972, 209, 1, 1, 1865.38, 1012.47, 8.87704, 5.40353, 0, 0, 0.425783, -0.904825, 600, 100, 1),
(104849, 128972, 209, 1, 1, 1865.58, 1048.21, 8.92811, 5.55719, 0, 0, 0.355078, -0.934837, 600, 100, 1),
(104850, 128972, 209, 1, 1, 1866.21, 987.673, 8.9228, 0.921279, 0, 0, 0.444521, 0.895768, 600, 100, 1),
(104851, 128972, 209, 1, 1, 1866.24, 1008.4, 8.87679, 0.663225, 0, 0, 0.325568, 0.945519, 600, 100, 1),
(104852, 128972, 209, 1, 1, 1867.74, 1041.84, 8.8768, -0.436333, 0, 0, -0.21644, 0.976296, 600, 100, 1),
(104853, 128972, 209, 1, 1, 1870.87, 994.528, 8.8824, 1.03752, 0, 0, 0.495804, 0.868435, 600, 100, 1),
(104854, 128972, 209, 1, 1, 1871.08, 1046.76, 9.03374, -2.16421, 0, 0, -0.882948, 0.469471, 600, 100, 1),
(104855, 128972, 209, 1, 1, 1871.3, 1008.32, 8.87679, 1.0821, 0, 0, 0.515036, 0.857168, 600, 100, 1),
(104856, 128972, 209, 1, 1, 1871.86, 994.256, 8.8819, 0.506145, 0, 0, 0.25038, 0.968148, 600, 100, 1),
(104857, 128972, 209, 1, 1, 1872.88, 1046.54, 9.22299, 5.73811, 0, 0, 0.269176, -0.963091, 600, 100, 1),
(104858, 128972, 209, 1, 1, 1873.3, 1004.08, 8.87704, 5.30929, 0, 0, 0.467931, -0.883765, 600, 100, 1),
(104859, 128972, 209, 1, 1, 1873.84, 1010.16, 8.8768, 2.18391, 0, 0, 0.887529, 0.460751, 600, 100, 1),
(104860, 128972, 209, 1, 1, 1875.85, 1044.26, 9.07804, 0.855211, 0, 0, 0.414693, 0.909961, 600, 100, 1),
(104861, 128972, 209, 1, 1, 1876.44, 972.207, 9.91169, 2.84489, 0, 0, 0.989016, 0.147808, 600, 100, 1),
(104862, 128972, 209, 1, 1, 1877.1, 972.773, 9.79669, 2.49835, 0, 0, 0.948724, 0.316105, 600, 100, 1),
(104863, 128972, 209, 1, 1, 1878.21, 1038.99, 8.87685, 2.75568, 0, 0, 0.981442, 0.191761, 600, 100, 1),
(104864, 128972, 209, 1, 1, 1879.89, 974.651, 8.87679, 1.0472, 0, 0, 0.500001, 0.866025, 600, 100, 1),
(104865, 128972, 209, 1, 1, 1881.34, 1044.6, 9.56279, 5.7127, 0, 0, 0.28139, -0.959593, 600, 100, 1),
(104866, 128972, 209, 1, 1, 1881.46, 1041.43, 8.87679, -2.19912, 0, 0, -0.891008, 0.453988, 600, 100, 1),
(104867, 128972, 209, 1, 1, 1881.93, 978.37, 8.87687, 0.0777447, 0, 0, 0.0388626, 0.999245, 600, 100, 1),
(104868, 128972, 209, 1, 1, 1881.99, 1034.68, 8.87679, -0.453786, 0, 0, -0.224951, 0.97437, 600, 100, 1),
(104869, 128972, 209, 1, 1, 1882.7, 971.825, 8.87679, 0.994838, 0, 0, 0.477159, 0.878817, 600, 100, 1),
(104870, 128972, 209, 1, 1, 1884.48, 1037.21, 8.87704, 5.87399, 0, 0, 0.203173, -0.979143, 600, 100, 1),
(104871, 128972, 209, 1, 1, 1885.28, 972.624, 8.87682, 4.27571, 0, 0, 0.843485, -0.537153, 600, 100, 1),
(104872, 128972, 209, 1, 1, 1887.41, 984.385, 8.87682, 6.01929, 0, 0, 0.131565, -0.991308, 600, 100, 1),
(104873, 128972, 209, 1, 1, 1887.46, 967.143, 8.98506, -0.314159, 0, 0, -0.156434, 0.987688, 600, 100, 1),
(104874, 128972, 209, 1, 1, 1887.94, 1029.08, 9.14775, 0.855211, 0, 0, 0.414693, 0.909961, 600, 100, 1),
(104875, 128972, 209, 1, 1, 1888.36, 1037, 8.92103, -1.98968, 0, 0, -0.838672, 0.544637, 600, 100, 1),
(104876, 128972, 209, 1, 1, 1890.12, 989.759, 8.87679, 2.70526, 0, 0, 0.976296, 0.21644, 600, 100, 1),
(104877, 128972, 209, 1, 1, 1890.26, 993.856, 8.87682, 6.27847, 0, 0, 0.00235763, -0.999997, 600, 100, 1),
(104878, 128972, 209, 1, 1, 1890.31, 966.168, 9.16208, 1.14354, 0, 0, 0.541121, 0.840945, 600, 100, 1),
(104879, 128972, 209, 1, 1, 1891.14, 988.616, 8.8768, 6.17923, 0, 0, 0.0519541, -0.998649, 600, 100, 1),
(104880, 128972, 209, 1, 1, 1891.6, 1023.06, 9.37117, 2.79253, 0, 0, 0.984808, 0.173647, 600, 100, 1),
(104881, 128972, 209, 1, 1, 1892.24, 974.687, 8.94385, 2.44702, 0, 0, 0.9403, 0.340347, 600, 100, 1),
(104882, 128972, 209, 1, 1, 1892.57, 1006.37, 9.06781, -2.1293, 0, 0, -0.874619, 0.48481, 600, 100, 1),
(104883, 128972, 209, 1, 1, 1894.39, 977.006, 8.92631, -0.279253, 0, 0, -0.139173, 0.990268, 600, 100, 1),
(104884, 128972, 209, 1, 1, 1896.07, 980.49, 8.90335, 1.18674, 0, 0, 0.559158, 0.829061, 600, 100, 1);
REPLACE INTO `gameobject` (`guid`, `id`, `map`, `spawnMask`, `phaseMask`, `position_x`, `position_y`, `position_z`, `orientation`, `rotation0`, `rotation1`, `rotation2`, `rotation3`, `spawntimesecs`, `animprogress`, `state`) VALUES
(104885, 128308, 209, 1, 1, 1832.72, 1032.39, 9.45168, 0.575959, 0, 0, 0.284016, 0.95882, 43200, 100, 1),
(104886, 128403, 209, 1, 1, 1836.74, 1028.08, 9.2729, 2.275, 0, 0, 0.907587, 0.419865, 43200, 100, 1),
(104887, 128308, 209, 1, 1, 1839.18, 1036.88, 9.35239, -1.67552, 0, 0, -0.743146, 0.669129, 43200, 100, 1),
(104888, 128308, 209, 1, 1, 1839.42, 1023.49, 9.56256, 2.98451, 0, 0, 0.996917, 0.0784606, 43200, 100, 1),
(104889, 128403, 209, 1, 1, 1839.44, 1045.26, 9.55093, 4.28484, 0, 0, 0.841024, -0.540998, 43200, 100, 1),
(104890, 128403, 209, 1, 1, 1840.49, 1034.35, 9.00595, 1.05764, 0, 0, 0.504515, 0.863403, 43200, 100, 1),
(104891, 128308, 209, 1, 1, 1841.08, 1045.54, 9.21622, 3.05433, 0, 0, 0.999048, 0.0436174, 43200, 100, 1),
(104892, 128308, 209, 1, 1, 1841.82, 1027.76, 9.15097, 0.959931, 0, 0, 0.461749, 0.887011, 43200, 100, 1),
(104893, 128308, 209, 1, 1, 1843.19, 1041.16, 8.87679, -0.401426, 0, 0, -0.199368, 0.979925, 43200, 100, 1),
(104894, 128403, 209, 1, 1, 1843.37, 1028.02, 9.11219, 5.70327, 0, 0, 0.285912, -0.958256, 43200, 100, 1),
(104895, 128403, 209, 1, 1, 1844.18, 1044.92, 8.91256, 1.26262, 0, 0, 0.590203, 0.807255, 43200, 100, 1),
(104896, 128403, 209, 1, 1, 1845.51, 1021.77, 9.07264, 6.01036, 0, 0, 0.13599, -0.99071, 43200, 100, 1),
(104897, 128308, 209, 1, 1, 1845.54, 1024.12, 9.07972, 0.977384, 0, 0, 0.469471, 0.882948, 43200, 100, 1),
(104898, 128308, 209, 1, 1, 1845.96, 1047.25, 8.87679, -0.453786, 0, 0, -0.224951, 0.97437, 43200, 100, 1),
(104899, 128308, 209, 1, 1, 1852.41, 1024.78, 8.87679, -2.49582, 0, 0, -0.948324, 0.317305, 43200, 100, 1),
(104900, 128403, 209, 1, 1, 1853.9, 1023.69, 8.87707, 3.02349, 0, 0, 0.998257, 0.059017, 43200, 100, 1),
(104901, 128308, 209, 1, 1, 1858.7, 1053.75, 8.87679, -2.74017, 0, 0, -0.979925, 0.199366, 43200, 100, 1),
(104902, 128308, 209, 1, 1, 1861.12, 1019.39, 8.87679, -1.18682, 0, 0, -0.559191, 0.829039, 43200, 100, 1),
(104903, 128308, 209, 1, 1, 1862.12, 1050.76, 9.05665, -2.3911, 0, 0, -0.930417, 0.366502, 43200, 100, 1),
(104904, 128403, 209, 1, 1, 1862.46, 1053.91, 9.71641, 5.77003, 0, 0, 0.253772, -0.967264, 43200, 100, 1),
(104905, 128403, 209, 1, 1, 1863.22, 1018.34, 8.87702, 5.61844, 0, 0, 0.326287, -0.945271, 43200, 100, 1),
(104906, 128308, 209, 1, 1, 1865.03, 1012.49, 8.8768, 1.0472, 0, 0, 0.500001, 0.866025, 43200, 100, 1),
(104907, 128403, 209, 1, 1, 1865.38, 1012.47, 8.87704, 5.40353, 0, 0, 0.425783, -0.904825, 43200, 100, 1),
(104908, 128403, 209, 1, 1, 1865.58, 1048.21, 8.92811, 5.55719, 0, 0, 0.355078, -0.934837, 43200, 100, 1),
(104909, 128403, 209, 1, 1, 1866.21, 987.673, 8.9228, 0.921279, 0, 0, 0.444521, 0.895768, 43200, 100, 1),
(104910, 128308, 209, 1, 1, 1866.24, 1008.4, 8.87679, 0.663225, 0, 0, 0.325568, 0.945519, 43200, 100, 1),
(104911, 128308, 209, 1, 1, 1867.74, 1041.84, 8.8768, -0.436333, 0, 0, -0.21644, 0.976296, 43200, 100, 1),
(104912, 128403, 209, 1, 1, 1870.87, 994.528, 8.8824, 1.03752, 0, 0, 0.495804, 0.868435, 43200, 100, 1),
(104913, 128308, 209, 1, 1, 1871.08, 1046.76, 9.03374, -2.16421, 0, 0, -0.882948, 0.469471, 43200, 100, 1),
(104914, 128308, 209, 1, 1, 1871.3, 1008.32, 8.87679, 1.0821, 0, 0, 0.515036, 0.857168, 43200, 100, 1),
(104915, 128308, 209, 1, 1, 1871.86, 994.256, 8.8819, 0.506145, 0, 0, 0.25038, 0.968148, 43200, 100, 1),
(104916, 128403, 209, 1, 1, 1872.88, 1046.54, 9.22299, 5.73811, 0, 0, 0.269176, -0.963091, 43200, 100, 1),
(104917, 128403, 209, 1, 1, 1873.3, 1004.08, 8.87704, 5.30929, 0, 0, 0.467931, -0.883765, 43200, 100, 1),
(104918, 128403, 209, 1, 1, 1873.84, 1010.16, 8.8768, 2.18391, 0, 0, 0.887529, 0.460751, 43200, 100, 1),
(104919, 128308, 209, 1, 1, 1875.85, 1044.26, 9.07804, 0.855211, 0, 0, 0.414693, 0.909961, 43200, 100, 1),
(104920, 128308, 209, 1, 1, 1876.44, 972.207, 9.91169, 2.84489, 0, 0, 0.989016, 0.147808, 43200, 100, 1),
(104921, 128403, 209, 1, 1, 1877.1, 972.773, 9.79669, 2.49835, 0, 0, 0.948724, 0.316105, 43200, 100, 1),
(104922, 128403, 209, 1, 1, 1878.21, 1038.99, 8.87685, 2.75568, 0, 0, 0.981442, 0.191761, 43200, 100, 1),
(104923, 128308, 209, 1, 1, 1879.89, 974.651, 8.87679, 1.0472, 0, 0, 0.500001, 0.866025, 43200, 100, 1),
(104924, 128403, 209, 1, 1, 1881.34, 1044.6, 9.56279, 5.7127, 0, 0, 0.28139, -0.959593, 43200, 100, 1),
(104925, 128308, 209, 1, 1, 1881.46, 1041.43, 8.87679, -2.19912, 0, 0, -0.891008, 0.453988, 43200, 100, 1),
(104926, 128403, 209, 1, 1, 1881.93, 978.37, 8.87687, 0.0777447, 0, 0, 0.0388626, 0.999245, 43200, 100, 1),
(104927, 128308, 209, 1, 1, 1881.99, 1034.68, 8.87679, -0.453786, 0, 0, -0.224951, 0.97437, 43200, 100, 1),
(104928, 128308, 209, 1, 1, 1882.7, 971.825, 8.87679, 0.994838, 0, 0, 0.477159, 0.878817, 43200, 100, 1),
(104929, 128403, 209, 1, 1, 1884.48, 1037.21, 8.87704, 5.87399, 0, 0, 0.203173, -0.979143, 43200, 100, 1),
(104930, 128403, 209, 1, 1, 1885.28, 972.624, 8.87682, 4.27571, 0, 0, 0.843485, -0.537153, 43200, 100, 1),
(104931, 128403, 209, 1, 1, 1887.41, 984.385, 8.87682, 6.01929, 0, 0, 0.131565, -0.991308, 43200, 100, 1),
(104932, 128308, 209, 1, 1, 1887.46, 967.143, 8.98506, -0.314159, 0, 0, -0.156434, 0.987688, 43200, 100, 1),
(104933, 128308, 209, 1, 1, 1887.94, 1029.08, 9.14775, 0.855211, 0, 0, 0.414693, 0.909961, 43200, 100, 1),
(104934, 128308, 209, 1, 1, 1888.36, 1037, 8.92103, -1.98968, 0, 0, -0.838672, 0.544637, 43200, 100, 1),
(104935, 128308, 209, 1, 1, 1890.12, 989.759, 8.87679, 2.70526, 0, 0, 0.976296, 0.21644, 43200, 100, 1),
(104936, 128403, 209, 1, 1, 1890.26, 993.856, 8.87682, 6.27847, 0, 0, 0.00235763, -0.999997, 43200, 100, 1),
(104937, 128403, 209, 1, 1, 1890.31, 966.168, 9.16208, 1.14354, 0, 0, 0.541121, 0.840945, 43200, 100, 1),
(104938, 128403, 209, 1, 1, 1891.14, 988.616, 8.8768, 6.17923, 0, 0, 0.0519541, -0.998649, 43200, 100, 1),
(104939, 128308, 209, 1, 1, 1891.6, 1023.06, 9.37117, 2.79253, 0, 0, 0.984808, 0.173647, 43200, 100, 1),
(104940, 128403, 209, 1, 1, 1892.24, 974.687, 8.94385, 2.44702, 0, 0, 0.9403, 0.340347, 43200, 100, 1),
(104941, 128308, 209, 1, 1, 1892.57, 1006.37, 9.06781, -2.1293, 0, 0, -0.874619, 0.48481, 43200, 100, 1),
(104942, 128308, 209, 1, 1, 1894.39, 977.006, 8.92631, -0.279253, 0, 0, -0.139173, 0.990268, 43200, 100, 1),
(104943, 128403, 209, 1, 1, 1896.07, 980.49, 8.90335, 1.18674, 0, 0, 0.559158, 0.829061, 43200, 100, 1);
REPLACE INTO `pool_gameobject` (`guid`, `pool_entry`, `chance`, `description`) VALUES
(104885,14273,0,'Shallow Grave 1'),(69280,14273,0,'Shallow Grave 2'),
(19296,14274,0,'Shallow Grave 1'),(104886,14274,0,'Shallow Grave 2'),
(104887,14275,0,'Shallow Grave 1'),(69275,14275,0,'Shallow Grave 2'),
(104888,14276,0,'Shallow Grave 1'),(69288,14276,0,'Shallow Grave 2'),
(104889,14277,0,'Shallow Grave 1'),(19299,14277,0,'Shallow Grave 2'),
(19298,14278,0,'Shallow Grave 1'),(104890,14278,0,'Shallow Grave 2'),
(104891,14279,0,'Shallow Grave 1'),(69279,14279,0,'Shallow Grave 2'),
(69276,14280,0,'Shallow Grave 1'),(104892,14280,0,'Shallow Grave 2'),
(104893,14281,0,'Shallow Grave 1'),(69277,14281,0,'Shallow Grave 2'),
(104894,14282,0,'Shallow Grave 1'),(19297,14282,0,'Shallow Grave 2'),
(19300,14283,0,'Shallow Grave 1'),(104895,14283,0,'Shallow Grave 2'),
(19294,14284,0,'Shallow Grave 1'),(104896,14284,0,'Shallow Grave 2'),
(69274,14285,0,'Shallow Grave 1'),(104897,14285,0,'Shallow Grave 2'),
(104898,14286,0,'Shallow Grave 1'),(69266,14286,0,'Shallow Grave 2'),
(104899,14287,0,'Shallow Grave 1'),(69278,14287,0,'Shallow Grave 2'),
(19295,14288,0,'Shallow Grave 1'),(104900,14288,0,'Shallow Grave 2'),
(69265,14289,0,'Shallow Grave 1'),(104901,14289,0,'Shallow Grave 2'),
(104902,14290,0,'Shallow Grave 1'),(69287,14290,0,'Shallow Grave 2'),
(104903,14291,0,'Shallow Grave 1'),(69264,14291,0,'Shallow Grave 2'),
(19292,14292,0,'Shallow Grave 1'),(104904,14292,0,'Shallow Grave 2'),
(104905,14293,0,'Shallow Grave 1'),(19293,14293,0,'Shallow Grave 2'),
(104906,14294,0,'Shallow Grave 1'),(69285,14294,0,'Shallow Grave 2'),
(104907,14295,0,'Shallow Grave 1'),(19276,14295,0,'Shallow Grave 2'),
(19291,14296,0,'Shallow Grave 1'),(104908,14296,0,'Shallow Grave 2'),
(19265,14297,0,'Shallow Grave 1'),(104909,14297,0,'Shallow Grave 2'),
(104910,14298,0,'Shallow Grave 1'),(69286,14298,0,'Shallow Grave 2'),
(104911,14299,0,'Shallow Grave 1'),(69272,14299,0,'Shallow Grave 2'),
(19266,14300,0,'Shallow Grave 1'),(104912,14300,0,'Shallow Grave 2'),
(69262,14301,0,'Shallow Grave 1'),(104913,14301,0,'Shallow Grave 2'),
(69281,14302,0,'Shallow Grave 1'),(104914,14302,0,'Shallow Grave 2'),
(69282,14303,0,'Shallow Grave 1'),(104915,14303,0,'Shallow Grave 2'),
(19277,14304,0,'Shallow Grave 1'),(104916,14304,0,'Shallow Grave 2'),
(19275,14305,0,'Shallow Grave 1'),(104917,14305,0,'Shallow Grave 2'),
(19288,14306,0,'Shallow Grave 1'),(104918,14306,0,'Shallow Grave 2'),
(69261,14307,0,'Shallow Grave 1'),(104919,14307,0,'Shallow Grave 2'),
(104920,14308,0,'Shallow Grave 1'),(69290,14308,0,'Shallow Grave 2'),
(19267,14309,0,'Shallow Grave 1'),(104921,14309,0,'Shallow Grave 2'),
(19290,14310,0,'Shallow Grave 1'),(104922,14310,0,'Shallow Grave 2'),
(69291,14311,0,'Shallow Grave 1'),(104923,14311,0,'Shallow Grave 2'),
(104924,14312,0,'Shallow Grave 1'),(19289,14312,0,'Shallow Grave 2'),
(104925,14313,0,'Shallow Grave 1'),(69263,14313,0,'Shallow Grave 2'),
(104926,14314,0,'Shallow Grave 1'),(19278,14314,0,'Shallow Grave 2'),
(104927,14315,0,'Shallow Grave 1'),(69268,14315,0,'Shallow Grave 2'),
(104928,14316,0,'Shallow Grave 1'),(69289,14316,0,'Shallow Grave 2'),
(104929,14317,0,'Shallow Grave 1'),(19274,14317,0,'Shallow Grave 2'),
(104930,14318,0,'Shallow Grave 1'),(19271,14318,0,'Shallow Grave 2'),
(19273,14319,0,'Shallow Grave 1'),(104931,14319,0,'Shallow Grave 2'),
(69292,14320,0,'Shallow Grave 1'),(104932,14320,0,'Shallow Grave 2'),
(69271,14321,0,'Shallow Grave 1'),(104933,14321,0,'Shallow Grave 2'),
(104934,14322,0,'Shallow Grave 1'),(69269,14322,0,'Shallow Grave 2'),
(69284,14323,0,'Shallow Grave 1'),(104935,14323,0,'Shallow Grave 2'),
(104936,14324,0,'Shallow Grave 1'),(19272,14324,0,'Shallow Grave 2'),
(104937,14325,0,'Shallow Grave 1'),(19269,14325,0,'Shallow Grave 2'),
(19287,14326,0,'Shallow Grave 1'),(104938,14326,0,'Shallow Grave 2'),
(69267,14327,0,'Shallow Grave 1'),(104939,14327,0,'Shallow Grave 2'),
(19285,14328,0,'Shallow Grave 1'),(104940,14328,0,'Shallow Grave 2'),
(69270,14329,0,'Shallow Grave 1'),(104941,14329,0,'Shallow Grave 2'),
(69283,14330,0,'Shallow Grave 1'),(104942,14330,0,'Shallow Grave 2'),
(19268,14331,0,'Shallow Grave 1'),(104943,14331,0,'Shallow Grave 2');
REPLACE INTO `pool_template` (`entry`, `max_limit`, `description`) VALUES
(14273,1,'Shallow Grave 1+2'),
(14274,1,'Shallow Grave 1+2'),
(14275,1,'Shallow Grave 1+2'),
(14276,1,'Shallow Grave 1+2'),
(14277,1,'Shallow Grave 1+2'),
(14278,1,'Shallow Grave 1+2'),
(14279,1,'Shallow Grave 1+2'),
(14280,1,'Shallow Grave 1+2'),
(14281,1,'Shallow Grave 1+2'),
(14282,1,'Shallow Grave 1+2'),
(14283,1,'Shallow Grave 1+2'),
(14284,1,'Shallow Grave 1+2'),
(14285,1,'Shallow Grave 1+2'),
(14286,1,'Shallow Grave 1+2'),
(14287,1,'Shallow Grave 1+2'),
(14288,1,'Shallow Grave 1+2'),
(14289,1,'Shallow Grave 1+2'),
(14290,1,'Shallow Grave 1+2'),
(14291,1,'Shallow Grave 1+2'),
(14292,1,'Shallow Grave 1+2'),
(14293,1,'Shallow Grave 1+2'),
(14294,1,'Shallow Grave 1+2'),
(14295,1,'Shallow Grave 1+2'),
(14296,1,'Shallow Grave 1+2'),
(14297,1,'Shallow Grave 1+2'),
(14298,1,'Shallow Grave 1+2'),
(14299,1,'Shallow Grave 1+2'),
(14300,1,'Shallow Grave 1+2'),
(14301,1,'Shallow Grave 1+2'),
(14302,1,'Shallow Grave 1+2'),
(14303,1,'Shallow Grave 1+2'),
(14304,1,'Shallow Grave 1+2'),
(14305,1,'Shallow Grave 1+2'),
(14306,1,'Shallow Grave 1+2'),
(14307,1,'Shallow Grave 1+2'),
(14308,1,'Shallow Grave 1+2'),
(14309,1,'Shallow Grave 1+2'),
(14310,1,'Shallow Grave 1+2'),
(14311,1,'Shallow Grave 1+2'),
(14312,1,'Shallow Grave 1+2'),
(14313,1,'Shallow Grave 1+2'),
(14314,1,'Shallow Grave 1+2'),
(14315,1,'Shallow Grave 1+2'),
(14316,1,'Shallow Grave 1+2'),
(14317,1,'Shallow Grave 1+2'),
(14318,1,'Shallow Grave 1+2'),
(14319,1,'Shallow Grave 1+2'),
(14320,1,'Shallow Grave 1+2'),
(14321,1,'Shallow Grave 1+2'),
(14322,1,'Shallow Grave 1+2'),
(14323,1,'Shallow Grave 1+2'),
(14324,1,'Shallow Grave 1+2'),
(14325,1,'Shallow Grave 1+2'),
(14326,1,'Shallow Grave 1+2'),
(14327,1,'Shallow Grave 1+2'),
(14328,1,'Shallow Grave 1+2'),
(14329,1,'Shallow Grave 1+2'),
(14330,1,'Shallow Grave 1+2'),
(14331,1,'Shallow Grave 1+2'),
(14332,20,'Shallow Grave 1+2 Master');
REPLACE INTO `pool_pool` (`pool_id`, `mother_pool`, `chance`, `description`) VALUES
(14273,14332,0,'Shallow Grave 1+2'),
(14274,14332,0,'Shallow Grave 1+2'),
(14275,14332,0,'Shallow Grave 1+2'),
(14276,14332,0,'Shallow Grave 1+2'),
(14277,14332,0,'Shallow Grave 1+2'),
(14278,14332,0,'Shallow Grave 1+2'),
(14279,14332,0,'Shallow Grave 1+2'),
(14280,14332,0,'Shallow Grave 1+2'),
(14281,14332,0,'Shallow Grave 1+2'),
(14282,14332,0,'Shallow Grave 1+2'),
(14283,14332,0,'Shallow Grave 1+2'),
(14284,14332,0,'Shallow Grave 1+2'),
(14285,14332,0,'Shallow Grave 1+2'),
(14286,14332,0,'Shallow Grave 1+2'),
(14287,14332,0,'Shallow Grave 1+2'),
(14288,14332,0,'Shallow Grave 1+2'),
(14289,14332,0,'Shallow Grave 1+2'),
(14290,14332,0,'Shallow Grave 1+2'),
(14291,14332,0,'Shallow Grave 1+2'),
(14292,14332,0,'Shallow Grave 1+2'),
(14293,14332,0,'Shallow Grave 1+2'),
(14294,14332,0,'Shallow Grave 1+2'),
(14295,14332,0,'Shallow Grave 1+2'),
(14296,14332,0,'Shallow Grave 1+2'),
(14297,14332,0,'Shallow Grave 1+2'),
(14298,14332,0,'Shallow Grave 1+2'),
(14299,14332,0,'Shallow Grave 1+2'),
(14300,14332,0,'Shallow Grave 1+2'),
(14301,14332,0,'Shallow Grave 1+2'),
(14302,14332,0,'Shallow Grave 1+2'),
(14303,14332,0,'Shallow Grave 1+2'),
(14304,14332,0,'Shallow Grave 1+2'),
(14305,14332,0,'Shallow Grave 1+2'),
(14306,14332,0,'Shallow Grave 1+2'),
(14307,14332,0,'Shallow Grave 1+2'),
(14308,14332,0,'Shallow Grave 1+2'),
(14309,14332,0,'Shallow Grave 1+2'),
(14310,14332,0,'Shallow Grave 1+2'),
(14311,14332,0,'Shallow Grave 1+2'),
(14312,14332,0,'Shallow Grave 1+2'),
(14313,14332,0,'Shallow Grave 1+2'),
(14314,14332,0,'Shallow Grave 1+2'),
(14315,14332,0,'Shallow Grave 1+2'),
(14316,14332,0,'Shallow Grave 1+2'),
(14317,14332,0,'Shallow Grave 1+2'),
(14318,14332,0,'Shallow Grave 1+2'),
(14319,14332,0,'Shallow Grave 1+2'),
(14320,14332,0,'Shallow Grave 1+2'),
(14321,14332,0,'Shallow Grave 1+2'),
(14322,14332,0,'Shallow Grave 1+2'),
(14323,14332,0,'Shallow Grave 1+2'),
(14324,14332,0,'Shallow Grave 1+2'),
(14325,14332,0,'Shallow Grave 1+2'),
(14326,14332,0,'Shallow Grave 1+2'),
(14327,14332,0,'Shallow Grave 1+2'),
(14328,14332,0,'Shallow Grave 1+2'),
(14329,14332,0,'Shallow Grave 1+2'),
(14330,14332,0,'Shallow Grave 1+2'),
(14331,14332,0,'Shallow Grave 1+2');
UPDATE `gameobject_template` SET `data1`='0' WHERE `entry` in (181833,181837,181839,181843,181841);
UPDATE `gameobject_template` SET `data1`='0' WHERE `entry`=184847;
UPDATE `gameobject_template` SET `data1`='181768' WHERE `entry`=181846;
UPDATE `gameobject_template` SET `data1`='181768' WHERE `entry`=181848;
DELETE FROM `gameobject_loot_template` WHERE `entry` = 181846;
DELETE FROM `gameobject_loot_template` WHERE `entry` = 181848;
UPDATE `gameobject_loot_template` SET `ChanceOrQuestChance`='0', `groupid`='1' WHERE `entry`=181768 AND `item`=23857;
UPDATE `gameobject_loot_template` SET `ChanceOrQuestChance`='0',`groupid`='1' WHERE `entry`=181768 AND `item`=23862;
UPDATE `gameobject_loot_template` SET `ChanceOrQuestChance`='0',`groupid`='1' WHERE `entry`=181768 AND `item`=23864;
UPDATE `gameobject_loot_template` SET `ChanceOrQuestChance`='0',`groupid`='1' WHERE `entry`=181768 AND `item`=23865;
REPLACE INTO `gameobject_template` (`entry`, `type`, `displayId`, `name`, `IconName`, `castBarCaption`, `unk1`, `faction`, `flags`, `size`, `questItem1`, `questItem2`, `questItem3`, `questItem4`, `questItem5`, `questItem6`, `data0`, `data1`, `data2`, `data3`, `data4`, `data5`, `data6`, `data7`, `data8`, `data9`, `data10`, `data11`, `data12`, `data13`, `data14`, `data15`, `data16`, `data17`, `data18`, `data19`, `data20`, `data21`, `data22`, `data23`, `mingold`, `maxgold`, `ScriptName`) VALUES
(181833, 6, 1287, 'TEMP Sealed Tome Trap', '', '', '', 0, 0, 1, 0, 0, 0, 0, 0, 0, 0, 0, 0, 30762, 1, 0, 0, 0, 0, 0, 0, 0, 0, 0, 0, 0, 0, 0, 0, 0, 0, 0, 0, 0, 0, 0, ''),
(181837, 6, 1287, 'TEMP Sealed Tome Trap', '', '', '', 0, 0, 1, 0, 0, 0, 0, 0, 0, 0, 0, 0, 30763, 1, 0, 0, 0, 0, 0, 0, 0, 0, 0, 0, 0, 0, 0, 0, 0, 0, 0, 0, 0, 0, 0, ''),
(181839, 6, 1287, 'TEMP Sealed Tome Trap', '', '', '', 0, 0, 1, 0, 0, 0, 0, 0, 0, 0, 0, 0, 30764, 1, 0, 0, 0, 0, 0, 0, 0, 0, 0, 0, 0, 0, 0, 0, 0, 0, 0, 0, 0, 0, 0, ''),
(181841, 6, 1287, 'TEMP Sealed Tome Trap', '', '', '', 0, 0, 1, 0, 0, 0, 0, 0, 0, 0, 0, 0, 30765, 1, 0, 0, 0, 0, 0, 0, 0, 0, 0, 0, 0, 0, 0, 0, 0, 0, 0, 0, 0, 0, 0, ''),
(181843, 6, 1287, 'TEMP Sealed Tome Trap', '', '', '', 0, 0, 1, 0, 0, 0, 0, 0, 0, 0, 0, 0, 30766, 1, 0, 0, 0, 0, 0, 0, 0, 0, 0, 0, 0, 0, 0, 0, 0, 0, 0, 0, 0, 0, 0, '');
UPDATE `gameobject` SET `id`='176151',`spawntimesecs`='120' WHERE `guid`=12609;
REPLACE INTO `gameobject` (`guid`, `id`, `map`, `spawnMask`, `phaseMask`, `position_x`, `position_y`, `position_z`, `orientation`, `rotation0`, `rotation1`, `rotation2`, `rotation3`, `spawntimesecs`, `animprogress`, `state`) VALUES
(7709, 176150, 0, 1, 1, 1444.82, -1503, 72.337, 1.693, 0, 0, 0.748966, 0.662609, 120, 100, 1),
(7710, 176150, 0, 1, 1, 1384.89, -1453.23, 56.969, 0.279, 0, 0, 0.139048, 0.990286, 120, 100, 1),
(7713, 176150, 0, 1, 1, 1382.42, -1449.85, 56.969, 1.64061, 0, 0, 0.731354, 0.681998, 120, 100, 1),
(7714, 176150, 0, 1, 1, 1360.85, -1458.26, 56.969, 0.645772, 0, 0, 0.317305, 0.948324, 120, 100, 1),
(7717, 176150, 0, 1, 1, 1374.15, -1448.33, 56.969, 1.69297, 0, 0, 0.748956, 0.66262, 120, 100, 1),
(7720, 176150, 0, 1, 1, 1393.88, -1457.68, 58.3282, 2.33874, 0, 0, 0.920505, 0.390732, 120, 100, 1),
(7724, 176150, 0, 1, 1, 1360.83, -1448.93, 56.969, 1.95477, 0, 0, 0.829038, 0.559192, 120, 100, 1),
(7726, 176150, 0, 1, 1, 1394.99, -1450.47, 58.3282, 0.855211, 0, 0, 0.414693, 0.909961, 120, 100, 1),
(7730, 176150, 0, 1, 1, 1356.51, -1452.11, 57.8184, -0.296706, 0, 0, -0.147809, 0.989016, 120, 100, 1),
(7732, 176150, 0, 1, 1, 1385.29, -1455.31, 56.9689, 0.017453, 0, 0, 0.00872639, 0.999962, 120, 100, 1),
(7733, 176150, 0, 1, 1, 1380.05, -1457.83, 56.9689, 1.71042, 0, 0, 0.754709, 0.65606, 120, 100, 1);
REPLACE INTO `pool_gameobject` (`guid`, `pool_entry`, `chance`, `description`) VALUES
(7709,14333,10,'Musty Tome 1'),(5420,14333,0,'Musty Tome 2'),
(7710,14334,10,'Musty Tome 1'),(12609,14334,0,'Musty Tome 2'),
(7713,14335,10,'Musty Tome 1'),(25837,14335,0,'Musty Tome 2'),
(7714,14336,10,'Musty Tome 1'),(25838,14336,0,'Musty Tome 2'),
(7717,14337,10,'Musty Tome 1'),(25839,14337,0,'Musty Tome 2'),
(7720,14338,10,'Musty Tome 1'),(25840,14338,0,'Musty Tome 2'),
(7724,14339,10,'Musty Tome 1'),(25841,14339,0,'Musty Tome 2'),
(7726,14340,10,'Musty Tome 1'),(25842,14340,0,'Musty Tome 2'),
(7730,14341,10,'Musty Tome 1'),(25843,14341,0,'Musty Tome 2'),
(7732,14342,10,'Musty Tome 1'),(25844,14342,0,'Musty Tome 2'),
(7733,14343,10,'Musty Tome 1'),(25845,14343,0,'Musty Tome 2');
REPLACE INTO `pool_template` (`entry`, `max_limit`, `description`) VALUES
(14333,1,'Musty Tome 1+2'),
(14334,1,'Musty Tome 1+2'),
(14335,1,'Musty Tome 1+2'),
(14336,1,'Musty Tome 1+2'),
(14337,1,'Musty Tome 1+2'),
(14338,1,'Musty Tome 1+2'),
(14339,1,'Musty Tome 1+2'),
(14340,1,'Musty Tome 1+2'),
(14341,1,'Musty Tome 1+2'),
(14342,1,'Musty Tome 1+2'),
(14343,1,'Musty Tome 1+2');
UPDATE `gameobject_loot_template` SET `ChanceOrQuestChance`='100' WHERE `item`=15696;
UPDATE `gameobject_template` SET `flags`='4' WHERE `entry`=176150;
REPLACE INTO `gameobject` (`guid`, `id`, `map`, `spawnMask`, `phaseMask`, `position_x`, `position_y`, `position_z`, `orientation`, `rotation0`, `rotation1`, `rotation2`, `rotation3`, `spawntimesecs`, `animprogress`, `state`) VALUES
(42293, 176152, 0, 1, 1, 1444.82, -1503, 72.337, 1.693, 0, 0, 0.748966, 0.662609, 120, 100, 1),
(42186, 176152, 0, 1, 1, 1384.89, -1453.23, 56.969, 0.279, 0, 0, 0.139048, 0.990286, 120, 100, 1),
(42171, 176152, 0, 1, 1, 1382.42, -1449.85, 56.969, 1.64061, 0, 0, 0.731354, 0.681998, 120, 100, 1),
(42504, 176152, 0, 1, 1, 1360.85, -1458.26, 56.969, 0.645772, 0, 0, 0.317305, 0.948324, 120, 100, 1),
(42372, 176152, 0, 1, 1, 1374.15, -1448.33, 56.969, 1.69297, 0, 0, 0.748956, 0.66262, 120, 100, 1),
(48545, 176152, 0, 1, 1, 1393.88, -1457.68, 58.3282, 2.33874, 0, 0, 0.920505, 0.390732, 120, 100, 1),
(48664, 176152, 0, 1, 1, 1360.83, -1448.93, 56.969, 1.95477, 0, 0, 0.829038, 0.559192, 120, 100, 1),
(57794, 176152, 0, 1, 1, 1394.99, -1450.47, 58.3282, 0.855211, 0, 0, 0.414693, 0.909961, 120, 100, 1),
(57899, 176152, 0, 1, 1, 1356.51, -1452.11, 57.8184, -0.296706, 0, 0, -0.147809, 0.989016, 120, 100, 1),
(7734, 176152, 0, 1, 1, 1385.29, -1455.31, 56.9689, 0.017453, 0, 0, 0.00872639, 0.999962, 120, 100, 1),
(7735, 176152, 0, 1, 1, 1380.05, -1457.83, 56.9689, 1.71042, 0, 0, 0.754709, 0.65606, 120, 100, 1);
UPDATE `creature_loot_template` SET `ChanceOrQuestChance`='-25' WHERE `item`=17684;
UPDATE `creature_loot_template` SET `ChanceOrQuestChance`='-25' WHERE `item`=17684;
DELETE FROM `gossip_menu` WHERE `entry` = 50162;
DELETE FROM `gossip_menu` WHERE `entry` = 50163;
UPDATE `creature_template` SET `gossip_menu_id`='0', `npcflag`='0', `ScriptName`='' WHERE `entry`=26075;
UPDATE `creature_template` SET `gossip_menu_id`='0', `npcflag`='0', `ScriptName`='' WHERE `entry`=26307;
UPDATE creature_template SET gossip_menu_id = 8912 WHERE entry = 24208;
UPDATE gossip_menu SET entry = 8912 WHERE entry = 50253;
UPDATE gossip_menu_option SET menu_id = 8912 WHERE menu_id = 50253;
UPDATE locales_gossip_menu_option SET menu_id = 8912 WHERE menu_id = 50253;
UPDATE creature_template SET gossip_menu_id = 8267 WHERE entry = 20395;
REPLACE INTO `gossip_menu` (`entry`, `text_id`) VALUES ('8267', '10290');
UPDATE creature_template SET gossip_menu_id = 8257 WHERE entry = 20120;
UPDATE gossip_menu SET entry = 8257 WHERE entry = 50339;
UPDATE gossip_menu_option SET menu_id = 8257 WHERE menu_id = 50339;
UPDATE locales_gossip_menu_option SET menu_id = 8257 WHERE menu_id = 50339;
UPDATE `gossip_menu` SET `text_id`='10278' WHERE `entry`=8257 AND `text_id`=9979;
UPDATE creature_template SET gossip_menu_id = 6472 WHERE entry = 907;
UPDATE gossip_menu SET entry = 6472 WHERE entry = 50335;
UPDATE gossip_menu_option SET menu_id = 6472 WHERE menu_id = 50335;
UPDATE locales_gossip_menu_option SET menu_id = 6472 WHERE menu_id = 50335;
UPDATE creature_template SET gossip_menu_id = 6474 WHERE entry = 12198;
UPDATE gossip_menu SET entry = 6474 WHERE entry = 50334;
UPDATE gossip_menu_option SET menu_id = 6474 WHERE menu_id = 50334;
UPDATE locales_gossip_menu_option SET menu_id = 6474 WHERE menu_id = 50334;
UPDATE creature_template SET gossip_menu_id = 6470 WHERE entry = 15006;
UPDATE gossip_menu SET entry = 6470 WHERE entry = 50336;
UPDATE gossip_menu_option SET menu_id = 6470 WHERE menu_id = 50336;
UPDATE locales_gossip_menu_option SET menu_id = 6470 WHERE menu_id = 50336;
UPDATE `gossip_menu` SET `text_id`='7663' WHERE `entry`=6470 AND `text_id`=7664;
UPDATE creature_template SET gossip_menu_id = 6473 WHERE entry = 15008;
UPDATE gossip_menu SET entry = 6473 WHERE entry = 50337;
UPDATE gossip_menu_option SET menu_id = 6473 WHERE menu_id = 50337;
UPDATE locales_gossip_menu_option SET menu_id = 6473 WHERE menu_id = 50337;
UPDATE creature_template SET gossip_menu_id = 8265 WHERE entry = 20273;
UPDATE gossip_menu SET entry = 8265 WHERE entry = 50341;
UPDATE gossip_menu_option SET menu_id = 8265 WHERE menu_id = 50341;
UPDATE locales_gossip_menu_option SET menu_id = 8265 WHERE menu_id = 50341;
UPDATE creature_template SET gossip_menu_id = 8262 WHERE entry = 20274;
UPDATE gossip_menu SET entry = 8262 WHERE entry = 50344;
UPDATE gossip_menu_option SET menu_id = 8262 WHERE menu_id = 50344;
UPDATE locales_gossip_menu_option SET menu_id = 8262 WHERE menu_id = 50344;
UPDATE `gossip_menu` SET `text_id`='10284' WHERE `entry`=8262 AND `text_id`=10276;
UPDATE `gossip_menu` SET `text_id`='7642' WHERE `entry`=6475 AND `text_id`=7699;
UPDATE `gossip_menu` SET `text_id`='7642' WHERE `entry`=6474 AND `text_id`=7699;
UPDATE `gossip_menu` SET `text_id`='7678' WHERE `entry`=6478 AND `text_id`=7642;
UPDATE `gossip_menu` SET `text_id`='7642' WHERE `entry`=8255 AND `text_id`=7699;
UPDATE `gossip_menu` SET `text_id`='7642' WHERE `entry`=6470 AND `text_id`=7699;

REPLACE INTO `creature_template_addon` (`entry`, `mount`, `bytes1`, `b2_0_sheath`, `b2_1_pvp_state`, `emote`, `moveflags`, `auras`) VALUES ('35379', '0', '0', '1', '0', '0', '0', '66157'), ('35380', '0', '0', '1', '0', '0', '0', '66157'), ('35349', '0', '0', '1', '0', '0', '0', '68652'), ('35350', '0', '0', '1', '0', '0', '0', '68652');
UPDATE creature_template SET faction_A = 1802, faction_H = 1802, unit_flags = unit_flags | 0x2 | 0x02000000 WHERE entry IN (35379, 36349);
UPDATE creature_template SET faction_A = 1801, faction_H = 1801, unit_flags = unit_flags | 0x2 | 0x02000000 WHERE entry IN (35380, 36350);
REPLACE INTO creature (guid, id, map, spawnMask, phaseMask, position_x, position_y, position_z, spawntimesecs, spawndist) VALUES
(151032, 36349, 529, 1, 1, 1166.79, 1200.13, -56.7086, 60, 0 ),
(151033, 36349, 529, 1, 1, 977.016, 1046.62, -44.8092, 60, 0 ),
(151034, 36349, 529, 1, 1, 806.182, 874.272, -55.9937, 60, 0 ),
(151035, 36349, 529, 1, 1, 856.142, 1148.9, 11.1847, 60, 0 ),
(151036, 36349, 529, 1, 1, 1146.92, 848.178, -110.917, 60, 0 ),
(151037, 36350, 529, 1, 1, 1166.79, 1200.13, -56.7086, 60, 0 ),
(151038, 36350, 529, 1, 1, 977.016, 1046.62, -44.8092, 60, 0 ),
(151039, 36350, 529, 1, 1, 806.182, 874.272, -55.9937, 60, 0 ),
(151040, 36350, 529, 1, 1, 856.142, 1148.9, 11.1847, 60, 0 ),
(151041, 36350, 529, 1, 1, 1146.92, 848.178, -110.917, 60, 0 ),
(151042, 35379, 566, 1, 1, 2286.382568, 1402.460205,1197.108521 , 60, 0 ),
(151043, 35379, 566, 1, 1, 2284.859619, 1731.055786,1189.883057 , 60, 0 ),
(151044, 35379, 566, 1, 1, 2043.890747, 1729.769897,1189.863037 , 60, 0 ),
(151045, 35379, 566, 1, 1, 2048.877930, 1393.445435,1194.356934 , 60, 0 ),
(151046, 35380, 566, 1, 1, 2286.382568, 1402.460205,1197.108521 , 60, 0 ),
(151047, 35380, 566, 1, 1, 2284.859619, 1731.055786,1189.883057 , 60, 0 ),
(151048, 35380, 566, 1, 1, 2043.890747, 1729.769897,1189.863037 , 60, 0 ),
(151049, 35380, 566, 1, 1, 2048.877930, 1393.445435,1194.356934 , 60, 0 );
REPLACE INTO creature_battleground (guid, event1, event2) VALUES
(151032, 0, 3 ),(151033, 1, 3 ),(151034, 2, 3 ),(151035, 3, 3 ),
(151036, 4, 3 ),(151037, 0, 4 ),(151038, 1, 4 ),(151039, 2, 4 ),
(151040, 3, 4 ),(151041, 4, 4 ),(151042, 2, 0 ),(151043, 3, 0 ),
(151044, 0, 0 ),(151045, 1, 0 ),(151046, 2, 1 ),(151047, 3, 1 ),
(151048, 0, 1 ),(151049, 1, 1 );

REPLACE INTO `creature_template_addon` (`entry`, `mount`, `bytes1`, `b2_0_sheath`, `b2_1_pvp_state`, `emote`, `moveflags`, `auras`) VALUES ('34718', '0', '3', '1', '0', '0', '0', NULL);
REPLACE INTO `gossip_menu` (`entry`, `text_id`, `script_id`, `cond_1`, `cond_1_val_1`, `cond_1_val_2`, `cond_2`, `cond_2_val_1`, `cond_2_val_2`) VALUES ('4825', '5881', '0', '14', '0', '128', '0', '0', '0');
UPDATE creature_template SET gossip_menu_id = 8266 WHERE entry = 20339;
REPLACE INTO `gossip_menu` (`entry`, `text_id`) VALUES ('8266', '10288');
DELETE FROM `npc_trainer` WHERE `entry` = 2485 AND `spell` = 3562;
DELETE FROM `npc_trainer` WHERE `entry` = 2485 AND `spell` = 3565;
REPLACE INTO `gossip_menu` (`entry`, `text_id`, `script_id`, `cond_1`, `cond_1_val_1`, `cond_1_val_2`, `cond_2`, `cond_2_val_1`, `cond_2_val_2`) VALUES ('4826', '5884', '0', '14', '0', '128', '0', '0', '0');
REPLACE INTO `gossip_menu` (`entry`, `text_id`, `script_id`, `cond_1`, `cond_1_val_1`, `cond_1_val_2`, `cond_2`, `cond_2_val_1`, `cond_2_val_2`) VALUES ('4822', '5875', '0', '0', '0', '0', '0', '0', '0');
REPLACE INTO `gossip_menu` (`entry`, `text_id`, `script_id`, `cond_1`, `cond_1_val_1`, `cond_1_val_2`, `cond_2`, `cond_2_val_1`, `cond_2_val_2`) VALUES ('4822', '5876', '0', '14', '0', '128', '0', '0', '0');
REPLACE INTO `gossip_menu` (`entry`, `text_id`, `script_id`, `cond_1`, `cond_1_val_1`, `cond_1_val_2`, `cond_2`, `cond_2_val_1`, `cond_2_val_2`) VALUES ('4827', '5886', '0', '14', '0', '128', '0', '0', '0');
UPDATE `gossip_menu_option` SET `option_text`='Please teach me.' WHERE `menu_id` in (4821,4823,4825,4827,8268,8433,9578,9777);
UPDATE `gossip_menu_option` SET `id`='0' WHERE `menu_id`=4821 AND `id`=1;
UPDATE `gossip_menu_option` SET `id`='0' WHERE `menu_id`=4825 AND `id`=1;
UPDATE `gossip_menu_option` SET `id`='0' WHERE `menu_id`=4827 AND `id`=1;
UPDATE `gossip_menu_option` SET `id`='0' WHERE `menu_id`=8433 AND `id`=1;
UPDATE `gossip_menu_option` SET `id`='0' WHERE `menu_id`=9581 AND `id`=1;
UPDATE `gossip_menu_option` SET `id`='0' WHERE `menu_id`=9777 AND `id`=1;
UPDATE `locales_gossip_menu_option` SET `id`='0' WHERE `menu_id`=4821 AND `id`=1;
UPDATE `locales_gossip_menu_option` SET `id`='0' WHERE `menu_id`=4825 AND `id`=1;
UPDATE `locales_gossip_menu_option` SET `id`='0' WHERE `menu_id`=4827 AND `id`=1;
UPDATE `locales_gossip_menu_option` SET `id`='0' WHERE `menu_id`=8433 AND `id`=1;
UPDATE `locales_gossip_menu_option` SET `id`='0' WHERE `menu_id`=9581 AND `id`=1;
UPDATE `locales_gossip_menu_option` SET `id`='0' WHERE `menu_id`=9777 AND `id`=1;
UPDATE `gossip_menu` SET `text_id`='10291' WHERE `entry`=8433 AND `text_id`=5879;
UPDATE `gossip_menu` SET `cond_1`='14', `cond_1_val_2`='128' WHERE `entry`=9581 AND `text_id`=12933;
REPLACE INTO `gossip_menu` (`entry`,`text_id`) VALUES (9581,12932);
REPLACE INTO `gossip_menu` (`entry`,`text_id`) VALUES (12517,4837);
UPDATE `creature_template` SET `gossip_menu_id`='12517' WHERE `entry`=23566;
UPDATE `gossip_menu` SET `text_id`='12927' WHERE `entry`=9578 AND `text_id`=5875;
UPDATE `gossip_menu_option` SET `action_menu_id`='-1', `action_script_id`='8762', `cond_1`='9', `cond_1_val_1`='11126' WHERE `menu_id`=8762 AND `id`=0;
UPDATE creature_template SET flags_extra=flags_extra | 2048 WHERE entry in (23602);
DELETE FROM gossip_scripts WHERE id in (8762);
INSERT INTO gossip_scripts (id,delay,command,datalong,datalong2,datalong3,datalong4,data_flags,dataint,dataint2,dataint3,dataint4,x,y,z,o,comments) VALUES
(8762,0,0,0,23602,10,0,0,2000000758,2000000759,2000000760,2000000761,0,0,0,0,'Say'),
(8762,0,22,1883,23602,10,0,0x01,0,0,0,0,0,0,0,0,'change faction'),
(8762,0,29,1,23602,10,0,0x02,0,0,0,0,0,0,0,0,'change NPC_flag'),
(8762,0,26,0,0,0,0,0,0,0,0,0,0,0,0,0,'start attack');
REPLACE INTO `db_script_string` (`entry`, `content_default`, `content_loc1`, `content_loc2`, `content_loc3`, `content_loc4`, `content_loc5`, `content_loc6`, `content_loc7`, `content_loc8`) VALUES
(2000000758, 'You can''t stop us from exposing the truth about Jaina''s cowardice!', NULL, NULL, NULL, NULL, NULL, NULL, NULL, NULL),
(2000000759, 'If you think you can stop us, you''re mistaken, ''friend.''', NULL, NULL, NULL, NULL, NULL, NULL, NULL, NULL),
(2000000760, 'These people will know Admiral Proudmoore for the true hero he was!', NULL, NULL, NULL, NULL, NULL, NULL, NULL, NULL),
(2000000761, 'It''s people like you who weaken the Alliance and invite the Horde to take away all we''ve fought for!', NULL, NULL, NULL, NULL, NULL, NULL, NULL, NULL);
UPDATE `creature_loot_template` SET `ChanceOrQuestChance`='10' WHERE `item` in (19943,12804,8152);
DELETE FROM `pickpocketing_loot_template` WHERE `item` = 8152;
DELETE FROM `locales_gossip_menu_option` WHERE `menu_id` = 4085;
UPDATE `gossip_menu_option` SET `id`='0' WHERE `menu_id`=4085 AND `id`=1;
UPDATE `gossip_menu_option` SET `option_text`='Yes, in Augustus. I would like to do business.' WHERE `menu_id`=4085 AND `id`=0;
REPLACE INTO `gossip_menu_option` (`menu_id`, `id`, `option_icon`, `option_text`, `option_id`, `npc_option_npcflag`, `action_menu_id`, `action_poi_id`, `action_script_id`, `box_coded`, `box_money`, `box_text`, `cond_1`, `cond_1_val_1`, `cond_1_val_2`, `cond_2`, `cond_2_val_1`, `cond_2_val_2`, `cond_3`, `cond_3_val_1`, `cond_3_val_2`) VALUES
(8775, 0, 0, 'You gave the crew disguises?', 1, 1, -1, 0, 8775, 0, 0, NULL, 9, 11166, 0, 0, 0, 0, 0, 0, 0);
DELETE FROM gossip_scripts WHERE id IN (8775);
INSERT INTO `gossip_scripts` (`id`, `delay`, `command`, `datalong`, `datalong2`, `datalong3`, `datalong4`, `data_flags`, `dataint`, `dataint2`, `dataint3`, `dataint4`, `x`, `y`, `z`, `o`, `comments`) VALUES
(8775, 0, 15, 42540, 1, 0, 0, 0, 0, 0, 0, 0, 0, 0, 0, 0, 'Create Budd''s Guise of Zul''aman');
DELETE FROM gossip_scripts WHERE id in (8762);
INSERT INTO gossip_scripts (id,delay,command,datalong,datalong2,datalong3,datalong4,data_flags,dataint,dataint2,dataint3,dataint4,x,y,z,o,comments) VALUES
(8762,0,0,0,23602,10,0,0,2000000758,2000000759,2000000760,0,0,0,0,0,'Say'),
(8762,0,22,1883,23602,10,0,0x01,0,0,0,0,0,0,0,0,'change faction'),
(8762,0,29,1,23602,10,0,0x02,0,0,0,0,0,0,0,0,'change NPC_flag'),
(8762,0,26,0,0,0,0,0,0,0,0,0,0,0,0,0,'start attack');
DELETE FROM db_script_string WHERE entry=2000000761;
UPDATE `creature` SET `spawndist`='5', `MovementType`='1' WHERE `id`=23620;
UPDATE `creature` SET `spawndist`='0', `MovementType`='0' WHERE `guid` in (125313,125314);
REPLACE INTO `creature` (`guid`, `id`, `map`, `spawnMask`, `phaseMask`, `modelid`, `equipment_id`, `position_x`, `position_y`, `position_z`, `orientation`, `spawntimesecs`, `spawndist`, `currentwaypoint`, `curhealth`, `curmana`, `DeathState`, `MovementType`) VALUES
(128076, 2110, 1, 1, 1, 0, 0, -4069.02, -4521.24, 6.38387, 5.26387, 300, 5, 0, 1, 0, 0, 1),
(128077, 2110, 1, 1, 1, 0, 0, -4082.02, -4519.49, 6.38396, 4.16196, 300, 5, 0, 1, 0, 0, 1),
(128086, 23620, 1, 1, 1, 0, 0, -4081.17, -4537.29, 6.38117, 4.7675, 300, 0, 0, 1220, 0, 0, 0);
UPDATE `quest_template` SET `CompleteScript`='11128' WHERE `entry`=11128;
REPLACE INTO `db_script_string` (`entry`, `content_default`, `content_loc1`, `content_loc2`, `content_loc3`, `content_loc4`, `content_loc5`, `content_loc6`, `content_loc7`, `content_loc8`) VALUES
(2000000761, 'With just a little creative editing, these are much more useful...', NULL, NULL, NULL, NULL, NULL, NULL, NULL, NULL),
(2000000762, 'It would be a shame to let these leaflets go to waste, wouldn''t it?', NULL, NULL, NULL, NULL, NULL, NULL, NULL, NULL);
DELETE FROM quest_end_scripts WHERE id=11128;
INSERT INTO quest_end_scripts (id, delay, command, datalong, datalong2, datalong3, datalong4, data_flags, dataint, dataint2, dataint3, dataint4, x, y, z, o, comments) VALUES 
(11128,1,0,0,0,0,0,0,2000000761,0,0,0,0,0,0,0,''),
(11128,0,29,3,23566,10,0,0x02,0,0,0,0,0,0,0,0,'change NPC_flag'),
(11128,3,1,69,0,0,0,0,0,0,0,0,0,0,0,0,''),
(11128,8,1,0,0,0,0,0,0,0,0,0,0,0,0,0,''),
(11128,9,29,3,23566,10,0,0,0,0,0,0,0,0,0,0,'change NPC_flag'),
(11128,7,0,0,0,0,0,0,2000000762,0,0,0,0,0,0,0,'');  
DELETE FROM `spell_scripts` WHERE `id` = 42246;
UPDATE `creature_template` SET `lootid`='0', `pickpocketloot`='0' WHERE `entry`=4979;
DELETE FROM `creature_loot_template` WHERE `entry` = 4979;
DELETE FROM `pickpocketing_loot_template` WHERE `entry` = 4979;
UPDATE `gossip_menu_option` SET `cond_2`='2', `cond_2_val_1`='33015', `cond_2_val_2`='1' WHERE `menu_id`=8851 AND `id`=0;
UPDATE `gossip_menu_option` SET `action_script_id`='8851' WHERE `menu_id`=8851 AND `id`=0;
DELETE FROM gossip_scripts WHERE id IN (8851,4979);
INSERT INTO gossip_scripts (id,delay,command,datalong,datalong2,datalong3,datalong4,data_flags,dataint,dataint2,dataint3,dataint4,x,y,z,o,comments) VALUES
(8851,0,0,0,4979,10,0,0,2000001231,0,0,0,0,0,0,0,'Say text'),
(8851,1,0,2,4979,10,0,0,2000001232,0,0,0,0,0,0,0,'Say emote'),
(8851,3,0,0,4979,10,0,0,2000000763,2000000764,2000001233,2000000766,0,0,0,0,'Say text'),
(8851,5,0,0,4979,10,0,0,2000000767,2000000768,2000000765,2000001234,0,0,0,0,'Say text'),
(8851,0,29,1,4979,10,0,0x02,0,0,0,0,0,0,0,0,'change NPC_flag'),
(8851,0,15,42734, 2, 0, 0, 0, 0, 0, 0, 0, 0, 0, 0, 0, ''),
(8851,120,29,1,4979,10,0,0,0,0,0,0,0,0,0,0,'change NPC_flag');
REPLACE INTO `db_script_string` (`entry`, `content_default`, `content_loc1`, `content_loc2`, `content_loc3`, `content_loc4`, `content_loc5`, `content_loc6`, `content_loc7`, `content_loc8`) VALUES
(2000000763, '...to create a fund for the purchase of hair gel? I like my hair the way it is, thanks!', NULL, NULL, NULL, NULL, NULL, NULL, NULL, NULL),
(2000000764, '...as a deserter, you''ll enjoy activities like tethered swimming and dog grooming? How ridiculous!', NULL, NULL, NULL, NULL, NULL, NULL, NULL, NULL),
(2000000766, '...the deserters seek a Theramore where citizens will be free to juggle at all hours of the day? What is this nonsense?', NULL, NULL, NULL, NULL, NULL, NULL, NULL, NULL),
(2000000767, 'That''s the funniest thing I''ve read in a long time. You''ve just made my day!', NULL, NULL, NULL, NULL, NULL, NULL, NULL, NULL),
(2000000768, 'This... this is a joke, right?', NULL, NULL, NULL, NULL, NULL, NULL, NULL, NULL),
(2000000765, 'I''d never join anything like this. Better keep this, though. It''ll come in handy in the privy...', NULL, NULL, NULL, NULL, NULL, NULL, NULL, NULL);

# Fix
-- ToC missing trigger spawns
SET @GUID            := 142814;
SET @NPC_TRIGGER1    := 34704; -- Val'kyr Twins Bullet Stalker Dark
SET @NPC_TRIGGER2    := 34720; -- Val'kyr Twins Bullet Stalker Light
UPDATE `creature_template` SET `flags_extra`=128 WHERE `entry` IN (@NPC_TRIGGER1,@NPC_TRIGGER2);
DELETE FROM `creature` WHERE `guid` BETWEEN @GUID+0 AND @GUID+61;
INSERT INTO `creature` (`guid`, `id`, `map`, `spawnMask`, `phaseMask`, `modelid`, `equipment_id`, `position_x`, `position_y`, `position_z`, `orientation`, `spawntimesecs`, `spawndist`, `currentwaypoint`, `curhealth`, `curmana`) VALUES
(@GUID+0,@NPC_TRIGGER1,649,15,1,0,0,619.771,143.71,395.244,4.60767,7200,0,0,1,0),
(@GUID+1,@NPC_TRIGGER1,649,15,1,0,0,515.352,115.349,395.288,4.60767,7200,0,0,1,0),
(@GUID+2,@NPC_TRIGGER1,649,15,1,0,0,605.514,103.863,395.29,4.60767,7200,0,0,1,0),
(@GUID+3,@NPC_TRIGGER1,649,15,1,0,0,615.137,156.997,395.28,4.60767,7200,0,0,1,0),
(@GUID+4,@NPC_TRIGGER1,649,15,1,0,0,539.179,184.132,395.282,4.60767,7200,0,0,1,0),
(@GUID+5,@NPC_TRIGGER1,649,15,1,0,0,547.76,184.634,395.289,2.93215,7200,0,0,1,0),
(@GUID+6,@NPC_TRIGGER1,649,15,1,0,0,549.764,86.4444,395.266,4.60767,7200,0,0,1,0),
(@GUID+7,@NPC_TRIGGER1,649,15,1,0,0,511.417,127.158,395.266,4.60767,7200,0,0,1,0),
(@GUID+8,@NPC_TRIGGER1,649,15,1,0,0,597.38,183.672,395.28,4.60767,7200,0,0,1,0),
(@GUID+9,@NPC_TRIGGER1,649,15,1,0,0,573.578,187.665,395.492,4.60767,7200,0,0,1,0),
(@GUID+10,@NPC_TRIGGER1,649,15,1,0,0,620.465,134.66,395.233,4.60767,7200,0,0,1,0),
(@GUID+11,@NPC_TRIGGER1,649,15,1,0,0,560.484,187.743,395.959,2.93215,7200,0,0,1,0),
(@GUID+12,@NPC_TRIGGER1,649,15,1,0,0,577.299,186.854,395.289,4.60767,7200,0,0,1,0),
(@GUID+13,@NPC_TRIGGER1,649,15,1,0,0,563.467,81.9323,395.288,4.60767,7200,0,0,1,0),
(@GUID+14,@NPC_TRIGGER1,649,15,1,0,0,534.748,92.6424,395.289,4.60767,7200,0,0,1,0),
(@GUID+15,@NPC_TRIGGER1,649,15,1,0,0,518.503,170.649,395.289,4.60767,7200,0,0,1,0),
(@GUID+16,@NPC_TRIGGER1,649,15,1,0,0,514.566,159.918,395.287,4.60767,7200,0,0,1,0),
(@GUID+17,@NPC_TRIGGER1,649,15,1,0,0,568.049,187.67,395.563,4.60767,7200,0,0,1,0),
(@GUID+18,@NPC_TRIGGER1,649,15,1,0,0,522.955,102.127,395.29,4.60767,7200,0,0,1,0),
(@GUID+19,@NPC_TRIGGER1,649,15,1,0,0,611.656,114.281,395.288,4.60767,7200,0,0,1,0),
(@GUID+20,@NPC_TRIGGER1,649,15,1,0,0,616.432,126.418,395.264,4.60767,7200,0,0,1,0),
(@GUID+21,@NPC_TRIGGER1,649,15,1,0,0,526.833,181.783,395.285,4.60767,7200,0,0,1,0),
(@GUID+22,@NPC_TRIGGER1,649,15,1,0,0,578.722,87.4444,395.272,4.60767,7200,0,0,1,0),
(@GUID+23,@NPC_TRIGGER1,649,15,1,0,0,509.743,149.005,395.253,4.60767,7200,0,0,1,0),
(@GUID+24,@NPC_TRIGGER1,649,15,1,0,0,592.736,93.6667,395.289,4.60767,7200,0,0,1,0),
(@GUID+25,@NPC_TRIGGER1,649,15,1,0,0,506.038,139.517,395.288,4.60767,7200,0,0,1,0),
(@GUID+26,@NPC_TRIGGER1,649,15,1,0,0,608.116,171.731,395.289,4.60767,7200,0,0,1,0),
(@GUID+27,@NPC_TRIGGER1,649,15,1,0,0,586.344,184.078,395.283,4.60767,7200,0,0,1,0),
(@GUID+28,@NPC_TRIGGER1,649,15,1,0,0,554.818,187.568,395.288,2.93215,7200,0,0,1,0),
(@GUID+29,@NPC_TRIGGER2,649,15,1,0,0,557.743,187.729,395.915,0,7200,0,0,1,0),
(@GUID+30,@NPC_TRIGGER2,649,15,1,0,0,544.094,184.648,395.286,0,7200,0,0,1,0),
(@GUID+31,@NPC_TRIGGER2,649,15,1,0,0,551.328,187.646,395.596,0,7200,0,0,1,0),
(@GUID+32,@NPC_TRIGGER2,649,15,1,0,0,615.137,150.818,395.269,0,7200,0,0,1,0),
(@GUID+33,@NPC_TRIGGER2,649,15,1,0,0,571.158,187.691,395.629,0,7200,0,0,1,0),
(@GUID+34,@NPC_TRIGGER2,649,15,1,0,0,606.686,106.731,395.289,0,7200,0,0,1,0),
(@GUID+35,@NPC_TRIGGER2,649,15,1,0,0,612.118,118.844,395.287,0,7200,0,0,1,0),
(@GUID+36,@NPC_TRIGGER2,649,15,1,0,0,546.057,88.7691,395.284,0,7200,0,0,1,0),
(@GUID+37,@NPC_TRIGGER2,649,15,1,0,0,517.722,169.069,395.289,0,7200,0,0,1,0),
(@GUID+38,@NPC_TRIGGER2,649,15,1,0,0,507.181,142.285,395.255,0,7200,0,0,1,0),
(@GUID+39,@NPC_TRIGGER2,649,15,1,0,0,515.399,159.75,395.287,0,7200,0,0,1,0),
(@GUID+40,@NPC_TRIGGER2,649,15,1,0,0,592.151,183.8,395.279,0,7200,0,0,1,0),
(@GUID+41,@NPC_TRIGGER2,649,15,1,0,0,510.759,127.333,395.263,0,7200,0,0,1,0),
(@GUID+42,@NPC_TRIGGER2,649,15,1,0,0,524.257,178.134,395.29,0,7200,0,0,1,0),
(@GUID+43,@NPC_TRIGGER2,649,15,1,0,0,570.779,86.2986,395.253,0,7200,0,0,1,0),
(@GUID+44,@NPC_TRIGGER2,649,15,1,0,0,588.675,93.0938,395.289,0,7200,0,0,1,0),
(@GUID+45,@NPC_TRIGGER2,649,15,1,0,0,603.528,175.476,395.289,0,7200,0,0,1,0),
(@GUID+46,@NPC_TRIGGER2,649,15,1,0,0,509.639,133.26,395.247,0,7200,0,0,1,0),
(@GUID+47,@NPC_TRIGGER2,649,15,1,0,0,618.965,139.174,395.288,0,7200,0,0,1,0),
(@GUID+48,@NPC_TRIGGER2,649,15,1,0,0,514.785,118.731,395.287,0,7200,0,0,1,0),
(@GUID+49,@NPC_TRIGGER2,649,15,1,0,0,581.243,184.062,395.287,0,7200,0,0,1,0),
(@GUID+50,@NPC_TRIGGER2,649,15,1,0,0,577.757,184.436,395.289,0,7200,0,0,1,0),
(@GUID+51,@NPC_TRIGGER2,649,15,1,0,0,580.486,89.691,395.287,0,7200,0,0,1,0),
(@GUID+52,@NPC_TRIGGER2,649,15,1,0,0,511.132,151.156,395.264,0,7200,0,0,1,0),
(@GUID+53,@NPC_TRIGGER2,649,15,1,0,0,615.401,130.816,395.263,0,7200,0,0,1,0),
(@GUID+54,@NPC_TRIGGER2,649,15,1,0,0,599.307,98.8003,395.29,0,7200,0,0,1,0),
(@GUID+55,@NPC_TRIGGER2,649,15,1,0,0,520.212,108.429,395.289,0,7200,0,0,1,0),
(@GUID+56,@NPC_TRIGGER2,649,15,1,0,0,610.983,164.696,395.288,0,7200,0,0,1,0),
(@GUID+57,@NPC_TRIGGER2,649,15,1,0,0,526.337,99.5556,395.29,0,7200,0,0,1,0),
(@GUID+58,@NPC_TRIGGER2,649,15,1,0,0,563.997,187.644,395.489,0,7200,0,0,1,0),
(@GUID+59,@NPC_TRIGGER2,649,15,1,0,0,555.695,86.0208,395.253,0,7200,0,0,1,0),
(@GUID+60,@NPC_TRIGGER2,649,15,1,0,0,535.924,184.207,395.279,0,7200,0,0,1,0),
(@GUID+61,@NPC_TRIGGER2,649,15,1,0,0,538.024,92.441,395.289,0,7200,0,0,1,0);
UPDATE `game_event` SET `start_time`='2012-04-01 00:01:00' WHERE `entry`=5;
UPDATE `game_event` SET `start_time`='2012-05-06 00:01:00' WHERE `entry`=3;
UPDATE `game_event` SET `start_time`='2012-06-03 00:01:00' WHERE `entry`=4;


# SD2
UPDATE creature_template SET ScriptName='' WHERE entry=10307;
UPDATE creature_template SET ScriptName='' WHERE entry=17435;
UPDATE creature_template SET ScriptName='' WHERE entry=17824;
UPDATE creature_template SET ScriptName='spell_dummy_npc' WHERE entry IN (27263,27264,27265);
UPDATE creature_template SET ScriptName='npc_lazy_peon' WHERE entry=10556;

# Gossip_FIX
UPDATE `gossip_menu_option` SET `action_menu_id` = '-1' WHERE `action_menu_id` =0 AND `action_script_id` >0;

# NPC_ADDON_FIX
INSERT IGNORE INTO `creature_template_addon`
SELECT
`creature_template`.`difficulty_entry_1`,
`creature_template_addon`.`mount`,
`creature_template_addon`.`bytes1`,
`creature_template_addon`.`b2_0_sheath`,
`creature_template_addon`.`b2_1_pvp_state`,
`creature_template_addon`.`emote`,
`creature_template_addon`.`moveflags`,
`creature_template_addon`.`auras`
FROM
`creature_template`, `creature_template_addon`
WHERE
`creature_template_addon`.`entry`=`creature_template`.`entry`
AND `creature_template`.`difficulty_entry_1`>0;
INSERT IGNORE INTO `creature_template_addon`
SELECT
`creature_template`.`difficulty_entry_2`,
`creature_template_addon`.`mount`,
`creature_template_addon`.`bytes1`,
`creature_template_addon`.`b2_0_sheath`,
`creature_template_addon`.`b2_1_pvp_state`,
`creature_template_addon`.`emote`,
`creature_template_addon`.`moveflags`,
`creature_template_addon`.`auras`
FROM
`creature_template`, `creature_template_addon`
WHERE
`creature_template_addon`.`entry`=`creature_template`.`entry`
AND `creature_template`.`difficulty_entry_2`>0;
INSERT IGNORE INTO `creature_template_addon`
SELECT
`creature_template`.`difficulty_entry_3`,
`creature_template_addon`.`mount`,
`creature_template_addon`.`bytes1`,
`creature_template_addon`.`b2_0_sheath`,
`creature_template_addon`.`b2_1_pvp_state`,
`creature_template_addon`.`emote`,
`creature_template_addon`.`moveflags`,
`creature_template_addon`.`auras`
FROM
`creature_template`, `creature_template_addon`
WHERE
`creature_template_addon`.`entry`=`creature_template`.`entry`
AND `creature_template`.`difficulty_entry_3`>0;

# NPC_FIX
UPDATE
`creature_template`, `creature_template` AS `copy`
SET
`copy`.`RegenHealth`=`creature_template`.`RegenHealth`,
`copy`.`unit_class`=`creature_template`.`unit_class`,
`copy`.`unit_flags`=`creature_template`.`unit_flags`,
`copy`.`npcflag`=`creature_template`.`npcflag`,
`copy`.`dynamicflags`=`creature_template`.`dynamicflags`,
`copy`.`equipment_id`=`creature_template`.`equipment_id`,
`copy`.`faction_A`=`creature_template`.`faction_A`,
`copy`.`faction_H`=`creature_template`.`faction_H`,
`copy`.`speed_run`=`creature_template`.`speed_run`,
`copy`.`speed_walk`=`creature_template`.`speed_walk`,
`copy`.`scale`=`creature_template`.`scale`,
`copy`.`dmgschool`=`creature_template`.`dmgschool`,
`copy`.`mingold`=`creature_template`.`mingold`,
`copy`.`maxgold`=`creature_template`.`maxgold`,
`copy`.`Vehicle_Id`=`creature_template`.`Vehicle_Id`,
`copy`.`mechanic_immune_mask`=`creature_template`.`mechanic_immune_mask`
WHERE
`copy`.`entry`=`creature_template`.`difficulty_entry_1`;
UPDATE
`creature_template`, `creature_template` AS `copy`
SET
`copy`.`RegenHealth`=`creature_template`.`RegenHealth`,
`copy`.`unit_class`=`creature_template`.`unit_class`,
`copy`.`unit_flags`=`creature_template`.`unit_flags`,
`copy`.`npcflag`=`creature_template`.`npcflag`,
`copy`.`dynamicflags`=`creature_template`.`dynamicflags`,
`copy`.`equipment_id`=`creature_template`.`equipment_id`,
`copy`.`faction_A`=`creature_template`.`faction_A`,
`copy`.`faction_H`=`creature_template`.`faction_H`,
`copy`.`speed_run`=`creature_template`.`speed_run`,
`copy`.`speed_walk`=`creature_template`.`speed_walk`,
`copy`.`scale`=`creature_template`.`scale`,
`copy`.`dmgschool`=`creature_template`.`dmgschool`,
`copy`.`mingold`=`creature_template`.`mingold`,
`copy`.`maxgold`=`creature_template`.`maxgold`,
`copy`.`Vehicle_Id`=`creature_template`.`Vehicle_Id`,
`copy`.`mechanic_immune_mask`=`creature_template`.`mechanic_immune_mask`
WHERE
`copy`.`entry`=`creature_template`.`difficulty_entry_2`;
UPDATE
`creature_template`, `creature_template` AS `copy`
SET
`copy`.`RegenHealth`=`creature_template`.`RegenHealth`,
`copy`.`unit_class`=`creature_template`.`unit_class`,
`copy`.`unit_flags`=`creature_template`.`unit_flags`,
`copy`.`npcflag`=`creature_template`.`npcflag`,
`copy`.`dynamicflags`=`creature_template`.`dynamicflags`,
`copy`.`equipment_id`=`creature_template`.`equipment_id`,
`copy`.`faction_A`=`creature_template`.`faction_A`,
`copy`.`faction_H`=`creature_template`.`faction_H`,
`copy`.`speed_run`=`creature_template`.`speed_run`,
`copy`.`speed_walk`=`creature_template`.`speed_walk`,
`copy`.`scale`=`creature_template`.`scale`,
`copy`.`dmgschool`=`creature_template`.`dmgschool`,
`copy`.`mingold`=`creature_template`.`mingold`,
`copy`.`maxgold`=`creature_template`.`maxgold`,
`copy`.`Vehicle_Id`=`creature_template`.`Vehicle_Id`,
`copy`.`mechanic_immune_mask`=`creature_template`.`mechanic_immune_mask`
WHERE
`copy`.`entry`=`creature_template`.`difficulty_entry_3`;

# Final_FIX
UPDATE quest_template SET SpecialFlags=SpecialFlags|1 WHERE QuestFlags=QuestFlags|4096;
UPDATE quest_template SET SpecialFlags=SpecialFlags|1 WHERE QuestFlags=QuestFlags|32768;
# DELETE FROM `creature_addon` WHERE `guid` NOT IN (SELECT `guid` FROM `creature`);
# DELETE FROM `creature_movement` WHERE `id` NOT IN (SELECT `guid` FROM `creature`);
DELETE FROM `npc_gossip` WHERE `npc_guid` NOT IN (SELECT `guid` FROM `creature`);
# DELETE FROM `game_event_gameobject` WHERE `guid` NOT IN (SELECT `guid` FROM `gameobject`);
# DELETE FROM `game_event_creature` WHERE `guid` NOT IN (SELECT `guid` FROM `creature`);
# UPDATE creature_template SET unit_flags=unit_flags&~2048 WHERE unit_flags&2048=2048;
# UPDATE creature_template SET unit_flags=unit_flags&~524288 WHERE unit_flags&524288=524288;
# UPDATE creature_template SET unit_flags=unit_flags&~67108864 WHERE unit_flags&67108864=67108864;
# UPDATE creature_template SET unit_flags=unit_flags&~8388608 WHERE unit_flags&8388608=8388608;
UPDATE `creature`, `creature_template` SET `creature`.`curhealth`=`creature_template`.`minhealth`,`creature`.`curmana`=`creature_template`.`minmana` WHERE `creature`.`id`=`creature_template`.`entry` and `creature_template`.`RegenHealth` = '1';
UPDATE `creature` SET `spawndist` = 5 WHERE `spawndist` = 0 AND `MovementType`=1;
UPDATE `creature` SET `spawndist`=0 WHERE `MovementType`=0;
UPDATE `creature` SET `spawntimesecs` = 300 WHERE `spawntimesecs` = 25;
UPDATE `gameobject` SET `spawntimesecs` = 300 WHERE `spawntimesecs` = 25;
UPDATE `creature_template` SET `scale` = 1 WHERE `scale` = 0;
UPDATE `creature` SET `spawndist` = 0, `MovementType` = 2 WHERE guid in (select distinct(id) from creature_movement);
UPDATE `creature` SET `spawndist` = 0, `MovementType` = 2 WHERE id in (select distinct(entry) from creature_movement_template);
UPDATE `creature` LEFT JOIN (`creature_movement`) ON (`creature_movement`.`id`=`creature`.`guid`) LEFT JOIN (`creature_movement_template`) ON (`creature_movement_template`.`entry`=`creature`.`id`) SET `creature`.`spawndist`=5, `creature`.`MovementType`=1 WHERE `creature`.`MovementType`=2 AND (`creature_movement`.`id` IS NULL AND `creature_movement_template`.`entry` IS NULL);
# UPDATE `creature` SET `spawndist` = 5, `MovementType` = 1 WHERE MovementType=2 and guid not in (select distinct(id) from creature_movement);
UPDATE gameobject_template, gameobject set gameobject.animprogress = 100 where gameobject_template.entry = gameobject.id and gameobject_template.type = 0;
UPDATE gameobject_template, gameobject set gameobject.animprogress = 100 where gameobject_template.entry = gameobject.id and gameobject_template.type = 3;
UPDATE gameobject_template, gameobject set gameobject.animprogress = 100 where gameobject_template.entry = gameobject.id and gameobject_template.type = 10;
UPDATE gameobject_template, gameobject set gameobject.animprogress = 100 where gameobject_template.entry = gameobject.id and gameobject_template.type = 25;
UPDATE `gameobject` SET `state`=1 WHERE `state`=0 AND `id` IN (SELECT entry FROM `gameobject_template` WHERE `type`=3);
UPDATE `creature_template` SET `npcflag`=`npcflag`|2 WHERE `entry` IN (SELECT `id` FROM `creature_questrelation`);
UPDATE `creature_template` SET `npcflag`=`npcflag`|2 WHERE `entry` IN (SELECT `id` FROM `creature_involvedrelation`);
UPDATE `gameobject` SET `state` = 0 WHERE `id` IN (SELECT `entry` FROM `gameobject_template` WHERE `type` = 0 AND `data0` = 1);
# UPDATE `gameobject_template` SET `flags`=`flags`&~4 WHERE `type` IN (2,19,17);
# DELETE FROM `gameobject_scripts` WHERE `id` NOT IN (SELECT `guid` FROM `gameobject`);
# DELETE FROM `gameobject_scripts` WHERE `command` in (11, 12) and `datalong` NOT IN (SELECT `guid` FROM `gameobject`);
DELETE FROM `creature_onkill_reputation` WHERE `creature_id` NOT IN (SELECT `entry` FROM `creature_template`);
# UPDATE creature_addon SET moveflags=moveflags &~ 0x00000100;
# UPDATE creature_addon SET moveflags=moveflags &~ 0x00000800;
# UPDATE creature_addon SET moveflags=moveflags &~ 0x00200000;
# UPDATE creature_addon SET moveflags=moveflags &~ 0x08000000;
# UPDATE creature_template_addon SET moveflags=moveflags &~ 0x00000100;
# UPDATE creature_template_addon SET moveflags=moveflags &~ 0x00000800;
# UPDATE creature_template_addon SET moveflags=moveflags &~ 0x00200000;
# UPDATE creature_template_addon SET moveflags=moveflags &~ 0x08000000;
UPDATE `item_template` SET `spelltrigger_2` = 0 WHERE `spellid_2` = 0 AND `spelltrigger_2` = 6;
UPDATE `creature_template` SET `ScriptName` = '' WHERE `AIName` = 'EventAI' AND `ScriptName` = 'generic_creature';
UPDATE `creature_template` SET npcflag = npcflag|1 WHERE `gossip_menu_id` > 0;
UPDATE quest_template SET SpecialFlags=SpecialFlags|1 WHERE SpecialFlags=4;

UPDATE db_version SET `cache_id`= '618';
UPDATE db_version SET `version`= 'YTDB_0.14.4_R618_MaNGOS_R11930_SD2_R2486_ACID_R309c_RuDB_R47';
